,LabelValue,Mean,Median,Min,Max,Variance,Count,Session,Subject,Acquisition,Quant,Segmentation,Run,Reconstruction,sub,ses,rec,run
896,1,0.823443308,0.770596027,0.51719898,1.499846578,0.05339975,25,280224.00,P0004,R4,T1,T1mimics,1,CGv2,P0004,280224,CGv2,1
897,2,1.170713113,1.055224359,0.510798693,2.798683405,0.305684844,26,280224.00,P0004,R4,T1,T1mimics,1,CGv2,P0004,280224,CGv2,1
898,3,0.883643284,0.846151799,0.517552853,1.334013104,0.051203162,24,280224.00,P0004,R4,T1,T1mimics,1,CGv2,P0004,280224,CGv2,1
899,4,0.598258694,0.607926816,0.462931603,0.714171946,0.004847493,22,280224.00,P0004,R4,T1,T1mimics,1,CGv2,P0004,280224,CGv2,1
900,5,0.436150259,0.445604458,0.346842349,0.502797544,0.001809022,24,280224.00,P0004,R4,T1,T1mimics,1,CGv2,P0004,280224,CGv2,1
901,6,0.350244888,0.353461698,0.306556195,0.393276185,0.000395163,24,280224.00,P0004,R4,T1,T1mimics,1,CGv2,P0004,280224,CGv2,1
902,7,0.261169378,0.26373291,0.226704046,0.280640423,0.000203613,25,280224.00,P0004,R4,T1,T1mimics,1,CGv2,P0004,280224,CGv2,1
903,8,0.194966424,0.193133943,0.183142915,0.208166286,4.47E-05,24,280224.00,P0004,R4,T1,T1mimics,1,CGv2,P0004,280224,CGv2,1
904,9,0.139246048,0.139683753,0.132451877,0.142882481,5.82E-06,25,280224.00,P0004,R4,T1,T1mimics,1,CGv2,P0004,280224,CGv2,1
905,10,0.101528322,0.101620082,0.095906906,0.106780954,1.09E-05,24,280224.00,P0004,R4,T1,T1mimics,1,CGv2,P0004,280224,CGv2,1
906,11,0.076024251,0.076875407,0.066549249,0.085425124,2.48E-05,26,280224.00,P0004,R4,T1,T1mimics,1,CGv2,P0004,280224,CGv2,1
907,12,0.055900546,0.05619503,0.047421705,0.063475758,1.46E-05,22,280224.00,P0004,R4,T1,T1mimics,1,CGv2,P0004,280224,CGv2,1
908,13,0.041774392,0.042522507,0.033665895,0.053526051,2.58E-05,24,280224.00,P0004,R4,T1,T1mimics,1,CGv2,P0004,280224,CGv2,1
909,14,0.027753204,0.033153394,0.001000001,0.047699995,0.000282513,26,280224.00,P0004,R4,T1,T1mimics,1,CGv2,P0004,280224,CGv2,1
910,1,1.303027739,1.297696802,0.666734861,1.933491826,0.10968538,25,280224.00,P0004,R4,R1,T1mimics,1,CGv2,P0004,280224,CGv2,1
911,2,1.036265575,0.949101422,0.357310869,1.957718401,0.183668064,26,280224.00,P0004,R4,R1,T1mimics,1,CGv2,P0004,280224,CGv2,1
912,3,1.206864482,1.181846913,0.749617824,1.932169816,0.094111571,24,280224.00,P0004,R4,R1,T1mimics,1,CGv2,P0004,280224,CGv2,1
913,4,1.695568233,1.645163619,1.400223021,2.160146322,0.043362533,22,280224.00,P0004,R4,R1,T1mimics,1,CGv2,P0004,280224,CGv2,1
914,5,2.31596967,2.244179112,1.988872086,2.883154275,0.057215661,24,280224.00,P0004,R4,R1,T1mimics,1,CGv2,P0004,280224,CGv2,1
915,6,2.864464973,2.829164133,2.542742324,3.262044663,0.027141091,24,280224.00,P0004,R4,R1,T1mimics,1,CGv2,P0004,280224,CGv2,1
916,7,3.841002418,3.791714881,3.563278548,4.411037284,0.04899375,25,280224.00,P0004,R4,R1,T1mimics,1,CGv2,P0004,280224,CGv2,1
917,8,5.135047786,5.177754781,4.803851851,5.460216673,0.030276264,24,280224.00,P0004,R4,R1,T1mimics,1,CGv2,P0004,280224,CGv2,1
918,9,7.183726638,7.159028711,6.998758641,7.549911882,0.016057093,25,280224.00,P0004,R4,R1,T1mimics,1,CGv2,P0004,280224,CGv2,1
919,10,9.859959446,9.840574661,9.364965992,10.42677784,0.103921016,24,280224.00,P0004,R4,R1,T1mimics,1,CGv2,P0004,280224,CGv2,1
920,11,13.2108067,13.00812539,11.70615807,15.02646559,0.764611306,26,280224.00,P0004,R4,R1,T1mimics,1,CGv2,P0004,280224,CGv2,1
921,12,17.97517053,17.79516822,15.75404586,21.08739027,1.599575456,22,280224.00,P0004,R4,R1,T1mimics,1,CGv2,P0004,280224,CGv2,1
922,13,24.29335305,23.51977794,18.68249151,29.70365072,8.68370808,24,280224.00,P0004,R4,R1,T1mimics,1,CGv2,P0004,280224,CGv2,1
923,14,260.2219989,30.16304406,20.96436264,999.9993704,158336.2789,26,280224.00,P0004,R4,R1,T1mimics,1,CGv2,P0004,280224,CGv2,1
924,1,0.911866058,0.889739424,0.659846842,1.307528138,0.025888595,16,280224.00,P0004,R4,T1,T2mimics,1,CGv2,P0004,280224,CGv2,1
925,2,1.065585411,1.053987622,0.698835075,1.467131376,0.056239998,18,280224.00,P0004,R4,T1,T2mimics,1,CGv2,P0004,280224,CGv2,1
926,3,0.885262016,0.851742148,0.640421093,1.18865788,0.022352537,17,280224.00,P0004,R4,T1,T2mimics,1,CGv2,P0004,280224,CGv2,1
927,4,0.718082229,0.70375827,0.611832201,0.867822468,0.006239855,18,280224.00,P0004,R4,T1,T2mimics,1,CGv2,P0004,280224,CGv2,1
928,5,0.473676961,0.481515527,0.385674477,0.52458632,0.000970635,19,280224.00,P0004,R4,T1,T2mimics,1,CGv2,P0004,280224,CGv2,1
929,6,0.411457658,0.415543243,0.363710761,0.460708529,0.000645426,18,280224.00,P0004,R4,T1,T2mimics,1,CGv2,P0004,280224,CGv2,1
930,7,0.309127517,0.316980332,0.252385885,0.328237176,0.000400105,19,280224.00,P0004,R4,T1,T2mimics,1,CGv2,P0004,280224,CGv2,1
931,8,0.227286994,0.229860857,0.210647926,0.24247086,9.75E-05,16,280224.00,P0004,R4,T1,T2mimics,1,CGv2,P0004,280224,CGv2,1
932,9,0.164566104,0.161020286,0.151796654,0.193669021,0.000113018,16,280224.00,P0004,R4,T1,T2mimics,1,CGv2,P0004,280224,CGv2,1
933,10,0.114121394,0.113466606,0.106757753,0.124083824,1.55E-05,21,280224.00,P0004,R4,T1,T2mimics,1,CGv2,P0004,280224,CGv2,1
934,11,0.087109398,0.087442148,0.080283523,0.091406815,1.06E-05,18,280224.00,P0004,R4,T1,T2mimics,1,CGv2,P0004,280224,CGv2,1
935,12,0.065316252,0.066380426,0.050729442,0.078678533,4.36E-05,19,280224.00,P0004,R4,T1,T2mimics,1,CGv2,P0004,280224,CGv2,1
936,13,0.054147798,0.052391786,0.045067456,0.067276508,2.98E-05,19,280224.00,P0004,R4,T1,T2mimics,1,CGv2,P0004,280224,CGv2,1
937,14,0.03819145,0.040611386,0.003456709,0.054928705,0.000122649,16,280224.00,P0004,R4,T1,T2mimics,1,CGv2,P0004,280224,CGv2,1
938,1,1.128575727,1.124080411,0.764801897,1.515503198,0.034331528,16,280224.00,P0004,R4,R1,T2mimics,1,CGv2,P0004,280224,CGv2,1
939,2,0.98922006,0.948908403,0.681602218,1.43095279,0.054337947,18,280224.00,P0004,R4,R1,T2mimics,1,CGv2,P0004,280224,CGv2,1
940,3,1.161812845,1.174064242,0.841284963,1.561472618,0.037830937,17,280224.00,P0004,R4,R1,T2mimics,1,CGv2,P0004,280224,CGv2,1
941,4,1.409398694,1.421116721,1.152309414,1.634435058,0.023503745,18,280224.00,P0004,R4,R1,T2mimics,1,CGv2,P0004,280224,CGv2,1
942,5,2.121070654,2.076776229,1.906263968,2.592860198,0.023021328,19,280224.00,P0004,R4,R1,T2mimics,1,CGv2,P0004,280224,CGv2,1
943,6,2.439668595,2.406775244,2.170569758,2.749437484,0.022719682,18,280224.00,P0004,R4,R1,T2mimics,1,CGv2,P0004,280224,CGv2,1
944,7,3.250125747,3.154769866,3.046577516,3.96218672,0.055566528,19,280224.00,P0004,R4,R1,T2mimics,1,CGv2,P0004,280224,CGv2,1
945,8,4.408151439,4.350564623,4.124206917,4.74725776,0.037662926,16,280224.00,P0004,R4,R1,T2mimics,1,CGv2,P0004,280224,CGv2,1
946,9,6.100118908,6.210402572,5.163448414,6.587760498,0.133408724,16,280224.00,P0004,R4,R1,T2mimics,1,CGv2,P0004,280224,CGv2,1
947,10,8.772866242,8.813165735,8.059068169,9.367001231,0.08863239,21,280224.00,P0004,R4,R1,T2mimics,1,CGv2,P0004,280224,CGv2,1
948,11,11.49636841,11.43638915,10.94010335,12.45585604,0.195791356,18,280224.00,P0004,R4,R1,T2mimics,1,CGv2,P0004,280224,CGv2,1
949,12,15.47474502,15.0646818,12.70994713,19.71241853,2.705962191,19,280224.00,P0004,R4,R1,T2mimics,1,CGv2,P0004,280224,CGv2,1
950,13,18.64737105,19.08696141,14.86402959,22.18896066,3.209738013,19,280224.00,P0004,R4,R1,T2mimics,1,CGv2,P0004,280224,CGv2,1
951,14,41.87231659,24.62384883,18.20541734,289.2925444,4097.976614,16,280224.00,P0004,R4,R1,T2mimics,1,CGv2,P0004,280224,CGv2,1
952,1,1.565291554,1.433217645,0.760501564,3.80012536,0.427415484,24,280224.00,P0004,R4,T1,T1mimics,1,LLRv1,P0004,280224,LLRv1,1
953,2,1.467689919,1.335693479,0.771054626,3.840344667,0.369263885,24,280224.00,P0004,R4,T1,T1mimics,1,LLRv1,P0004,280224,LLRv1,1
954,3,0.977816174,0.939225882,0.642392099,1.408488393,0.039178467,24,280224.00,P0004,R4,T1,T1mimics,1,LLRv1,P0004,280224,LLRv1,1
955,4,0.678050026,0.671836555,0.540434062,0.831049681,0.005664046,23,280224.00,P0004,R4,T1,T1mimics,1,LLRv1,P0004,280224,LLRv1,1
956,5,0.484262392,0.484968171,0.39892441,0.561207592,0.001496524,24,280224.00,P0004,R4,T1,T1mimics,1,LLRv1,P0004,280224,LLRv1,1
957,6,0.361256284,0.361569762,0.320252776,0.386346847,0.000178213,24,280224.00,P0004,R4,T1,T1mimics,1,LLRv1,P0004,280224,LLRv1,1
958,7,0.262646214,0.265872151,0.230002552,0.279835343,0.000173953,25,280224.00,P0004,R4,T1,T1mimics,1,LLRv1,P0004,280224,LLRv1,1
959,8,0.195478449,0.193428546,0.184321076,0.207188085,3.83E-05,24,280224.00,P0004,R4,T1,T1mimics,1,LLRv1,P0004,280224,LLRv1,1
960,9,0.140083327,0.140506253,0.134612516,0.143918321,5.37E-06,26,280224.00,P0004,R4,T1,T1mimics,1,LLRv1,P0004,280224,LLRv1,1
961,10,0.099897858,0.100295581,0.091610834,0.104265966,1.43E-05,25,280224.00,P0004,R4,T1,T1mimics,1,LLRv1,P0004,280224,LLRv1,1
962,11,0.073299905,0.072621562,0.065944292,0.081418172,1.33E-05,24,280224.00,P0004,R4,T1,T1mimics,1,LLRv1,P0004,280224,LLRv1,1
963,12,0.054320621,0.054937679,0.047588427,0.059214506,7.61E-06,22,280224.00,P0004,R4,T1,T1mimics,1,LLRv1,P0004,280224,LLRv1,1
964,13,0.039251765,0.038478222,0.034591511,0.046899009,1.42E-05,24,280224.00,P0004,R4,T1,T1mimics,1,LLRv1,P0004,280224,LLRv1,1
965,14,0.013458398,0.001000001,0.001,0.038580928,0.000250197,26,280224.00,P0004,R4,T1,T1mimics,1,LLRv1,P0004,280224,LLRv1,1
966,1,0.725686486,0.698748618,0.263149214,1.314921688,0.055190906,24,280224.00,P0004,R4,R1,T1mimics,1,LLRv1,P0004,280224,LLRv1,1
967,2,0.760574064,0.748676743,0.260393295,1.296924974,0.048608002,24,280224.00,P0004,R4,R1,T1mimics,1,LLRv1,P0004,280224,LLRv1,1
968,3,1.064455996,1.06480576,0.709981002,1.556681662,0.044922688,24,280224.00,P0004,R4,R1,T1mimics,1,LLRv1,P0004,280224,LLRv1,1
969,4,1.493479961,1.488457263,1.203297496,1.850364493,0.028823935,23,280224.00,P0004,R4,R1,T1mimics,1,LLRv1,P0004,280224,LLRv1,1
970,5,2.078609976,2.062039618,1.78187183,2.506740561,0.029407113,24,280224.00,P0004,R4,R1,T1mimics,1,LLRv1,P0004,280224,LLRv1,1
971,6,2.772041246,2.765720417,2.588347772,3.122533431,0.011321216,24,280224.00,P0004,R4,R1,T1mimics,1,LLRv1,P0004,280224,LLRv1,1
972,7,3.817589202,3.76120627,3.573530019,4.34777784,0.041267342,25,280224.00,P0004,R4,R1,T1mimics,1,LLRv1,P0004,280224,LLRv1,1
973,8,5.120724091,5.169963234,4.826532382,5.42531556,0.025708453,24,280224.00,P0004,R4,R1,T1mimics,1,LLRv1,P0004,280224,LLRv1,1
974,9,7.1405867,7.117121206,6.948385697,7.428729756,0.014310106,26,280224.00,P0004,R4,R1,T1mimics,1,LLRv1,P0004,280224,LLRv1,1
975,10,10.02509827,9.970529018,9.590857333,10.91573951,0.154173709,25,280224.00,P0004,R4,R1,T1mimics,1,LLRv1,P0004,280224,LLRv1,1
976,11,13.67659521,13.77019136,12.28227042,15.16431483,0.468175316,24,280224.00,P0004,R4,R1,T1mimics,1,LLRv1,P0004,280224,LLRv1,1
977,12,18.45818198,18.20244934,16.88775374,21.01351255,0.934201793,22,280224.00,P0004,R4,R1,T1mimics,1,LLRv1,P0004,280224,LLRv1,1
978,13,25.70226273,25.98937508,21.32241194,28.90882688,5.555526442,24,280224.00,P0004,R4,R1,T1mimics,1,LLRv1,P0004,280224,LLRv1,1
979,14,626.9497449,999.999254,25.91954242,999.9996033,222666.9695,26,280224.00,P0004,R4,R1,T1mimics,1,LLRv1,P0004,280224,LLRv1,1
980,1,1.543608222,1.257750154,0.796782017,5.95439291,1.225751813,18,280224.00,P0004,R4,T1,T2mimics,1,LLRv1,P0004,280224,LLRv1,1
981,2,1.33172645,1.301934302,0.903682709,1.998096347,0.075100664,20,280224.00,P0004,R4,T1,T2mimics,1,LLRv1,P0004,280224,LLRv1,1
982,3,0.93488628,0.91527915,0.743218601,1.397840977,0.031021958,18,280224.00,P0004,R4,T1,T2mimics,1,LLRv1,P0004,280224,LLRv1,1
983,4,0.698591957,0.684409559,0.577207983,0.834446609,0.004026043,19,280224.00,P0004,R4,T1,T2mimics,1,LLRv1,P0004,280224,LLRv1,1
984,5,0.475971178,0.473767698,0.382368714,0.549614608,0.001051386,21,280224.00,P0004,R4,T1,T2mimics,1,LLRv1,P0004,280224,LLRv1,1
985,6,0.429031128,0.435747206,0.381914049,0.468866497,0.000579993,17,280224.00,P0004,R4,T1,T2mimics,1,LLRv1,P0004,280224,LLRv1,1
986,7,0.315817844,0.322184861,0.248392761,0.337785155,0.000467499,21,280224.00,P0004,R4,T1,T2mimics,1,LLRv1,P0004,280224,LLRv1,1
987,8,0.231288311,0.23397661,0.213904276,0.246991158,9.50E-05,18,280224.00,P0004,R4,T1,T2mimics,1,LLRv1,P0004,280224,LLRv1,1
988,9,0.163270403,0.159646623,0.148553327,0.198067576,0.000151469,16,280224.00,P0004,R4,T1,T2mimics,1,LLRv1,P0004,280224,LLRv1,1
989,10,0.115577684,0.116451181,0.110161208,0.123437956,1.16E-05,21,280224.00,P0004,R4,T1,T2mimics,1,LLRv1,P0004,280224,LLRv1,1
990,11,0.088393812,0.087940872,0.079669915,0.09901955,1.94E-05,21,280224.00,P0004,R4,T1,T2mimics,1,LLRv1,P0004,280224,LLRv1,1
991,12,0.064336697,0.065705337,0.048191771,0.077107802,5.16E-05,20,280224.00,P0004,R4,T1,T2mimics,1,LLRv1,P0004,280224,LLRv1,1
992,13,0.051197006,0.051463977,0.042191435,0.061571758,2.82E-05,21,280224.00,P0004,R4,T1,T2mimics,1,LLRv1,P0004,280224,LLRv1,1
993,14,0.038030003,0.039298004,0.002825291,0.052279644,0.000111886,18,280224.00,P0004,R4,T1,T2mimics,1,LLRv1,P0004,280224,LLRv1,1
994,1,0.785708488,0.79508702,0.167943234,1.255048406,0.058889205,18,280224.00,P0004,R4,R1,T2mimics,1,LLRv1,P0004,280224,LLRv1,1
995,2,0.78323834,0.768302847,0.500476367,1.106583085,0.026392309,20,280224.00,P0004,R4,R1,T2mimics,1,LLRv1,P0004,280224,LLRv1,1
996,3,1.103278781,1.092911536,0.715388958,1.345499156,0.033135218,18,280224.00,P0004,R4,R1,T2mimics,1,LLRv1,P0004,280224,LLRv1,1
997,4,1.443341845,1.461113433,1.198399022,1.732477773,0.01734809,19,280224.00,P0004,R4,R1,T2mimics,1,LLRv1,P0004,280224,LLRv1,1
998,5,2.111330868,2.110739091,1.819456734,2.615276733,0.023563254,21,280224.00,P0004,R4,R1,T2mimics,1,LLRv1,P0004,280224,LLRv1,1
999,6,2.338360055,2.294908575,2.132803273,2.618390189,0.018045388,17,280224.00,P0004,R4,R1,T2mimics,1,LLRv1,P0004,280224,LLRv1,1
1000,7,3.183166663,3.103808161,2.960461662,4.025882224,0.060757243,21,280224.00,P0004,R4,R1,T2mimics,1,LLRv1,P0004,280224,LLRv1,1
1001,8,4.33134761,4.273974101,4.048727938,4.674988347,0.033778936,18,280224.00,P0004,R4,R1,T2mimics,1,LLRv1,P0004,280224,LLRv1,1
1002,9,6.156463578,6.263907758,5.048781945,6.731589403,0.177682396,16,280224.00,P0004,R4,R1,T2mimics,1,LLRv1,P0004,280224,LLRv1,1
1003,10,8.659692156,8.587289432,8.101235897,9.077605644,0.064952675,21,280224.00,P0004,R4,R1,T2mimics,1,LLRv1,P0004,280224,LLRv1,1
1004,11,11.34102301,11.37127686,10.09901582,12.55178945,0.318397015,21,280224.00,P0004,R4,R1,T2mimics,1,LLRv1,P0004,280224,LLRv1,1
1005,12,15.75440049,15.2195837,12.96885625,20.75043065,3.659700806,20,280224.00,P0004,R4,R1,T2mimics,1,LLRv1,P0004,280224,LLRv1,1
1006,13,19.7412832,19.43106748,16.24121234,23.70149316,4.115801303,21,280224.00,P0004,R4,R1,T2mimics,1,LLRv1,P0004,280224,LLRv1,1
1007,14,43.83165036,25.45218107,19.12790388,353.945796,5673.35128,18,280224.00,P0004,R4,R1,T2mimics,1,LLRv1,P0004,280224,LLRv1,1
1008,1,0.795860084,0.76885584,0.481495321,1.338944077,0.04466579,24,290224.00,P0004,R4,T1,T1mimics,1,CGv2,P0004,290224,CGv2,1
1009,2,1.134761098,0.965475738,0.473118812,2.223872662,0.261057332,26,290224.00,P0004,R4,T1,T1mimics,1,CGv2,P0004,290224,CGv2,1
1010,3,0.924163759,0.917330116,0.592455268,1.396687388,0.053523302,24,290224.00,P0004,R4,T1,T1mimics,1,CGv2,P0004,290224,CGv2,1
1011,4,0.586599976,0.607823312,0.461054653,0.69074285,0.004689996,24,290224.00,P0004,R4,T1,T1mimics,1,CGv2,P0004,290224,CGv2,1
1012,5,0.439284084,0.451986402,0.351223767,0.500994444,0.001945035,23,290224.00,P0004,R4,T1,T1mimics,1,CGv2,P0004,290224,CGv2,1
1013,6,0.352518375,0.356216237,0.30031091,0.387386978,0.000493924,24,290224.00,P0004,R4,T1,T1mimics,1,CGv2,P0004,290224,CGv2,1
1014,7,0.260971964,0.264036015,0.232294753,0.281706572,0.000188276,24,290224.00,P0004,R4,T1,T1mimics,1,CGv2,P0004,290224,CGv2,1
1015,8,0.195171251,0.195598602,0.182958007,0.206268594,4.07E-05,25,290224.00,P0004,R4,T1,T1mimics,1,CGv2,P0004,290224,CGv2,1
1016,9,0.140064476,0.140579179,0.131625429,0.146770298,1.60E-05,24,290224.00,P0004,R4,T1,T1mimics,1,CGv2,P0004,290224,CGv2,1
1017,10,0.102862428,0.102049679,0.097372547,0.108061768,8.17E-06,24,290224.00,P0004,R4,T1,T1mimics,1,CGv2,P0004,290224,CGv2,1
1018,11,0.075777661,0.074715003,0.069513172,0.08499606,2.08E-05,25,290224.00,P0004,R4,T1,T1mimics,1,CGv2,P0004,290224,CGv2,1
1019,12,0.055218122,0.055519566,0.044827949,0.067030676,2.62E-05,23,290224.00,P0004,R4,T1,T1mimics,1,CGv2,P0004,290224,CGv2,1
1020,13,0.041525808,0.041231913,0.034510665,0.054632649,2.26E-05,24,290224.00,P0004,R4,T1,T1mimics,1,CGv2,P0004,290224,CGv2,1
1021,14,0.029795777,0.033080418,0.001000001,0.051722631,0.000232323,25,290224.00,P0004,R4,T1,T1mimics,1,CGv2,P0004,290224,CGv2,1
1022,1,1.345195968,1.300679894,0.746857182,2.076863381,0.120288634,24,290224.00,P0004,R4,R1,T1mimics,1,CGv2,P0004,290224,CGv2,1
1023,2,1.063800706,1.037442717,0.449666034,2.113633986,0.196231262,26,290224.00,P0004,R4,R1,T1mimics,1,CGv2,P0004,290224,CGv2,1
1024,3,1.151657678,1.090771818,0.715979831,1.687891144,0.080956147,24,290224.00,P0004,R4,R1,T1mimics,1,CGv2,P0004,290224,CGv2,1
1025,4,1.729151855,1.645217481,1.447716758,2.168940263,0.044195462,24,290224.00,P0004,R4,R1,T1mimics,1,CGv2,P0004,290224,CGv2,1
1026,5,2.301049871,2.212455939,1.99603012,2.847187732,0.06079525,23,290224.00,P0004,R4,R1,T1mimics,1,CGv2,P0004,290224,CGv2,1
1027,6,2.848446567,2.807306713,2.581398079,3.329882357,0.034736686,24,290224.00,P0004,R4,R1,T1mimics,1,CGv2,P0004,290224,CGv2,1
1028,7,3.842872195,3.787376992,3.549792944,4.304875535,0.044256468,24,290224.00,P0004,R4,R1,T1mimics,1,CGv2,P0004,290224,CGv2,1
1029,8,5.129230979,5.11251097,4.848047792,5.4657351,0.028623754,25,290224.00,P0004,R4,R1,T1mimics,1,CGv2,P0004,290224,CGv2,1
1030,9,7.145499937,7.113449461,6.813367625,7.597316181,0.043097824,24,290224.00,P0004,R4,R1,T1mimics,1,CGv2,P0004,290224,CGv2,1
1031,10,9.729169275,9.799165128,9.253966666,10.26983511,0.071865283,24,290224.00,P0004,R4,R1,T1mimics,1,CGv2,P0004,290224,CGv2,1
1032,11,13.24329322,13.38419266,11.7652513,14.38576276,0.60674402,25,290224.00,P0004,R4,R1,T1mimics,1,CGv2,P0004,290224,CGv2,1
1033,12,18.2661717,18.01166819,14.91854273,22.30751164,2.88074979,23,290224.00,P0004,R4,R1,T1mimics,1,CGv2,P0004,290224,CGv2,1
1034,13,24.38160288,24.26036276,18.30407314,28.97655001,7.020643881,24,290224.00,P0004,R4,R1,T1mimics,1,CGv2,P0004,290224,CGv2,1
1035,14,173.4680574,30.2293644,19.33389666,999.9994868,102649.0874,25,290224.00,P0004,R4,R1,T1mimics,1,CGv2,P0004,290224,CGv2,1
1036,1,0.938809073,0.940258205,0.731174588,1.160346508,0.017439494,15,290224.00,P0004,R4,T1,T2mimics,1,CGv2,P0004,290224,CGv2,1
1037,2,1.139137395,1.041547656,0.83794421,1.613626719,0.069587546,16,290224.00,P0004,R4,T1,T2mimics,1,CGv2,P0004,290224,CGv2,1
1038,3,0.847980217,0.864223242,0.662447095,1.004831791,0.011865506,15,290224.00,P0004,R4,T1,T2mimics,1,CGv2,P0004,290224,CGv2,1
1039,4,0.691683213,0.687456608,0.564700603,0.876093566,0.005225563,15,290224.00,P0004,R4,T1,T2mimics,1,CGv2,P0004,290224,CGv2,1
1040,5,0.470535141,0.465158075,0.422039926,0.529499769,0.00112513,15,290224.00,P0004,R4,T1,T2mimics,1,CGv2,P0004,290224,CGv2,1
1041,6,0.410796566,0.407516018,0.381174624,0.442367971,0.000318701,16,290224.00,P0004,R4,T1,T2mimics,1,CGv2,P0004,290224,CGv2,1
1042,7,0.308199045,0.315100282,0.277813256,0.330134064,0.000278123,17,290224.00,P0004,R4,T1,T2mimics,1,CGv2,P0004,290224,CGv2,1
1043,8,0.229956037,0.229918584,0.219966635,0.238481984,2.29E-05,16,290224.00,P0004,R4,T1,T2mimics,1,CGv2,P0004,290224,CGv2,1
1044,9,0.166861605,0.167314209,0.151743487,0.182545692,6.78E-05,16,290224.00,P0004,R4,T1,T2mimics,1,CGv2,P0004,290224,CGv2,1
1045,10,0.109861192,0.110083167,0.104741886,0.114044875,6.73E-06,18,290224.00,P0004,R4,T1,T2mimics,1,CGv2,P0004,290224,CGv2,1
1046,11,0.089763861,0.089119587,0.085787289,0.096671388,7.97E-06,16,290224.00,P0004,R4,T1,T2mimics,1,CGv2,P0004,290224,CGv2,1
1047,12,0.068240341,0.066728476,0.059719671,0.082811013,3.61E-05,16,290224.00,P0004,R4,T1,T2mimics,1,CGv2,P0004,290224,CGv2,1
1048,13,0.051876305,0.048164234,0.042081732,0.065956399,6.25E-05,16,290224.00,P0004,R4,T1,T2mimics,1,CGv2,P0004,290224,CGv2,1
1049,14,0.043401144,0.042400919,0.030026358,0.058424696,7.47E-05,16,290224.00,P0004,R4,T1,T2mimics,1,CGv2,P0004,290224,CGv2,1
1050,1,1.086809982,1.063537648,0.861811531,1.367662411,0.024046031,15,290224.00,P0004,R4,R1,T2mimics,1,CGv2,P0004,290224,CGv2,1
1051,2,0.92194625,0.960157066,0.619722014,1.193396874,0.03744036,16,290224.00,P0004,R4,R1,T2mimics,1,CGv2,P0004,290224,CGv2,1
1052,3,1.199896439,1.157108432,0.995191443,1.50955451,0.026216013,15,290224.00,P0004,R4,R1,T2mimics,1,CGv2,P0004,290224,CGv2,1
1053,4,1.460907011,1.454637265,1.141430594,1.770849887,0.02153059,15,290224.00,P0004,R4,R1,T2mimics,1,CGv2,P0004,290224,CGv2,1
1054,5,2.135891214,2.149806815,1.88857495,2.36944407,0.022430943,15,290224.00,P0004,R4,R1,T2mimics,1,CGv2,P0004,290224,CGv2,1
1055,6,2.438854348,2.453956537,2.260561491,2.6234695,0.011026354,16,290224.00,P0004,R4,R1,T2mimics,1,CGv2,P0004,290224,CGv2,1
1056,7,3.254489346,3.173592839,3.029072456,3.599540264,0.033074955,17,290224.00,P0004,R4,R1,T2mimics,1,CGv2,P0004,290224,CGv2,1
1057,8,4.350552812,4.349454514,4.193188874,4.546144007,0.008284819,16,290224.00,P0004,R4,R1,T2mimics,1,CGv2,P0004,290224,CGv2,1
1058,9,6.007673412,5.976795201,5.478080532,6.590068694,0.088832704,16,290224.00,P0004,R4,R1,T2mimics,1,CGv2,P0004,290224,CGv2,1
1059,10,9.107511508,9.084041171,8.768478205,9.547278894,0.046984571,18,290224.00,P0004,R4,R1,T2mimics,1,CGv2,P0004,290224,CGv2,1
1060,11,11.15110324,11.22088269,10.3443224,11.65673859,0.117315115,16,290224.00,P0004,R4,R1,T2mimics,1,CGv2,P0004,290224,CGv2,1
1061,12,14.7610083,14.98614571,12.07568855,16.74490148,1.4876214,16,290224.00,P0004,R4,R1,T2mimics,1,CGv2,P0004,290224,CGv2,1
1062,13,19.70575656,20.76960854,15.16153122,23.76328029,8.034577942,16,290224.00,P0004,R4,R1,T2mimics,1,CGv2,P0004,290224,CGv2,1
1063,14,23.9888004,23.58440656,17.1160496,33.3040728,23.37063386,16,290224.00,P0004,R4,R1,T2mimics,1,CGv2,P0004,290224,CGv2,1
1064,1,1.404416135,1.304390907,0.844429195,3.082125187,0.217253155,26,290224.00,P0004,R4,T1,T1mimics,1,LLRv1,P0004,290224,LLRv1,1
1065,2,1.491620145,1.294126511,0.920339346,3.974995136,0.457668801,25,290224.00,P0004,R4,T1,T1mimics,1,LLRv1,P0004,290224,LLRv1,1
1066,3,1.021878911,0.995519042,0.66701597,1.379185319,0.045808075,24,290224.00,P0004,R4,T1,T1mimics,1,LLRv1,P0004,290224,LLRv1,1
1067,4,0.666329508,0.680109918,0.539019465,0.757738531,0.003851906,23,290224.00,P0004,R4,T1,T1mimics,1,LLRv1,P0004,290224,LLRv1,1
1068,5,0.489478242,0.491269812,0.426629543,0.5480088,0.001137001,26,290224.00,P0004,R4,T1,T1mimics,1,LLRv1,P0004,290224,LLRv1,1
1069,6,0.362823773,0.365320593,0.321792305,0.385328829,0.000277474,24,290224.00,P0004,R4,T1,T1mimics,1,LLRv1,P0004,290224,LLRv1,1
1070,7,0.262693745,0.266529888,0.231848225,0.284331828,0.000174356,24,290224.00,P0004,R4,T1,T1mimics,1,LLRv1,P0004,290224,LLRv1,1
1071,8,0.196469796,0.196630351,0.184059978,0.208251566,4.69E-05,26,290224.00,P0004,R4,T1,T1mimics,1,LLRv1,P0004,290224,LLRv1,1
1072,9,0.140668272,0.140889511,0.131825119,0.147691622,1.48E-05,24,290224.00,P0004,R4,T1,T1mimics,1,LLRv1,P0004,290224,LLRv1,1
1073,10,0.102110251,0.101770066,0.093198046,0.109894291,1.40E-05,25,290224.00,P0004,R4,T1,T1mimics,1,LLRv1,P0004,290224,LLRv1,1
1074,11,0.073857961,0.072840661,0.068664044,0.080697082,1.15E-05,25,290224.00,P0004,R4,T1,T1mimics,1,LLRv1,P0004,290224,LLRv1,1
1075,12,0.053561931,0.053702859,0.043044142,0.062481161,1.89E-05,24,290224.00,P0004,R4,T1,T1mimics,1,LLRv1,P0004,290224,LLRv1,1
1076,13,0.039275398,0.038762849,0.034740753,0.050689295,1.23E-05,24,290224.00,P0004,R4,T1,T1mimics,1,LLRv1,P0004,290224,LLRv1,1
1077,14,0.012463497,0.001127193,0.001,0.040675648,0.000239681,26,290224.00,P0004,R4,T1,T1mimics,1,LLRv1,P0004,290224,LLRv1,1
1078,1,0.776558028,0.76667763,0.324451455,1.184231912,0.044919219,26,290224.00,P0004,R4,R1,T1mimics,1,LLRv1,P0004,290224,LLRv1,1
1079,2,0.762946931,0.77272198,0.251572635,1.086555741,0.051437668,25,290224.00,P0004,R4,R1,T1mimics,1,LLRv1,P0004,290224,LLRv1,1
1080,3,1.022702921,1.004516475,0.725065723,1.49921448,0.046353282,24,290224.00,P0004,R4,R1,T1mimics,1,LLRv1,P0004,290224,LLRv1,1
1081,4,1.514516259,1.470350562,1.319716445,1.85522057,0.022013759,23,290224.00,P0004,R4,R1,T1mimics,1,LLRv1,P0004,290224,LLRv1,1
1082,5,2.052727279,2.035541329,1.824788217,2.343953942,0.02007474,26,290224.00,P0004,R4,R1,T1mimics,1,LLRv1,P0004,290224,LLRv1,1
1083,6,2.762158851,2.737549433,2.595186044,3.107594514,0.017127365,24,290224.00,P0004,R4,R1,T1mimics,1,LLRv1,P0004,290224,LLRv1,1
1084,7,3.816746171,3.751933756,3.517017443,4.313166512,0.03997357,24,290224.00,P0004,R4,R1,T1mimics,1,LLRv1,P0004,290224,LLRv1,1
1085,8,5.096024836,5.08577183,4.801884666,5.433011638,0.031518852,26,290224.00,P0004,R4,R1,T1mimics,1,LLRv1,P0004,290224,LLRv1,1
1086,9,7.114329916,7.097797125,6.770864751,7.585807664,0.039219291,24,290224.00,P0004,R4,R1,T1mimics,1,LLRv1,P0004,290224,LLRv1,1
1087,10,9.80659737,9.826072066,9.099653811,10.72983868,0.13122604,25,290224.00,P0004,R4,R1,T1mimics,1,LLRv1,P0004,290224,LLRv1,1
1088,11,13.56774373,13.72859594,12.39202181,14.56366301,0.379294073,25,290224.00,P0004,R4,R1,T1mimics,1,LLRv1,P0004,290224,LLRv1,1
1089,12,18.79797362,18.62151079,16.00482419,23.23196476,2.525153229,24,290224.00,P0004,R4,R1,T1mimics,1,LLRv1,P0004,290224,LLRv1,1
1090,13,25.64016374,25.79791752,19.72803136,28.78463764,4.090827126,24,290224.00,P0004,R4,R1,T1mimics,1,LLRv1,P0004,290224,LLRv1,1
1091,14,583.6028682,898.6011141,24.5847346,999.9997197,200180.5322,26,290224.00,P0004,R4,R1,T1mimics,1,LLRv1,P0004,290224,LLRv1,1
1092,1,1.3225605,1.199486256,0.892364204,1.990190268,0.108795208,16,290224.00,P0004,R4,T1,T2mimics,1,LLRv1,P0004,290224,LLRv1,1
1093,2,1.18381749,1.046698809,0.819917738,2.342365742,0.140589592,15,290224.00,P0004,R4,T1,T2mimics,1,LLRv1,P0004,290224,LLRv1,1
1094,3,0.985161714,1.000468731,0.662778616,1.180188179,0.021448581,15,290224.00,P0004,R4,T1,T2mimics,1,LLRv1,P0004,290224,LLRv1,1
1095,4,0.703013652,0.694113672,0.590241551,0.929060936,0.006107584,17,290224.00,P0004,R4,T1,T2mimics,1,LLRv1,P0004,290224,LLRv1,1
1096,5,0.490120697,0.500869215,0.399692148,0.543276668,0.001539059,17,290224.00,P0004,R4,T1,T2mimics,1,LLRv1,P0004,290224,LLRv1,1
1097,6,0.430445699,0.433335304,0.388596982,0.449576527,0.000250245,16,290224.00,P0004,R4,T1,T2mimics,1,LLRv1,P0004,290224,LLRv1,1
1098,7,0.311071109,0.317677706,0.254340649,0.340802461,0.000592168,18,290224.00,P0004,R4,T1,T2mimics,1,LLRv1,P0004,290224,LLRv1,1
1099,8,0.238220055,0.23386918,0.227394804,0.262485355,0.000102243,15,290224.00,P0004,R4,T1,T2mimics,1,LLRv1,P0004,290224,LLRv1,1
1100,9,0.164713971,0.161424227,0.152312785,0.190496966,7.93E-05,16,290224.00,P0004,R4,T1,T2mimics,1,LLRv1,P0004,290224,LLRv1,1
1101,10,0.11173545,0.111981928,0.105289258,0.117373854,1.18E-05,17,290224.00,P0004,R4,T1,T2mimics,1,LLRv1,P0004,290224,LLRv1,1
1102,11,0.086968108,0.086310886,0.080990739,0.093041822,9.57E-06,17,290224.00,P0004,R4,T1,T2mimics,1,LLRv1,P0004,290224,LLRv1,1
1103,12,0.063326327,0.062030235,0.050289743,0.075798415,4.30E-05,16,290224.00,P0004,R4,T1,T2mimics,1,LLRv1,P0004,290224,LLRv1,1
1104,13,0.051649274,0.050977143,0.038105596,0.065756619,7.34E-05,16,290224.00,P0004,R4,T1,T2mimics,1,LLRv1,P0004,290224,LLRv1,1
1105,14,0.042283004,0.040476572,0.036334515,0.055549156,3.16E-05,16,290224.00,P0004,R4,T1,T2mimics,1,LLRv1,P0004,290224,LLRv1,1
1106,1,0.798270249,0.833817126,0.502464521,1.120618684,0.029864834,16,290224.00,P0004,R4,R1,T2mimics,1,LLRv1,P0004,290224,LLRv1,1
1107,2,0.903083843,0.955384674,0.426918812,1.219634548,0.037212089,15,290224.00,P0004,R4,R1,T2mimics,1,LLRv1,P0004,290224,LLRv1,1
1108,3,1.04207072,0.999531489,0.847322501,1.508799433,0.033983674,15,290224.00,P0004,R4,R1,T2mimics,1,LLRv1,P0004,290224,LLRv1,1
1109,4,1.438707866,1.440686217,1.076355663,1.694221624,0.022038054,17,290224.00,P0004,R4,R1,T2mimics,1,LLRv1,P0004,290224,LLRv1,1
1110,5,2.054331786,1.996529176,1.840682767,2.501925557,0.030935704,17,290224.00,P0004,R4,R1,T2mimics,1,LLRv1,P0004,290224,LLRv1,1
1111,6,2.326454659,2.307683852,2.224315417,2.573360183,0.007991057,16,290224.00,P0004,R4,R1,T2mimics,1,LLRv1,P0004,290224,LLRv1,1
1112,7,3.235995929,3.147972142,2.934251112,3.931734881,0.074627536,18,290224.00,P0004,R4,R1,T2mimics,1,LLRv1,P0004,290224,LLRv1,1
1113,8,4.205062283,4.275894753,3.809736355,4.397637856,0.029317281,15,290224.00,P0004,R4,R1,T2mimics,1,LLRv1,P0004,290224,LLRv1,1
1114,9,6.087778863,6.194867723,5.24942743,6.565437021,0.095389278,16,290224.00,P0004,R4,R1,T2mimics,1,LLRv1,P0004,290224,LLRv1,1
1115,10,8.958222958,8.930012322,8.519785,9.497645044,0.076843163,17,290224.00,P0004,R4,R1,T2mimics,1,LLRv1,P0004,290224,LLRv1,1
1116,11,11.51301584,11.58602406,10.74785484,12.34709067,0.16761394,17,290224.00,P0004,R4,R1,T2mimics,1,LLRv1,P0004,290224,LLRv1,1
1117,12,15.96120123,16.12187028,13.19288807,19.88477068,2.743751003,16,290224.00,P0004,R4,R1,T2mimics,1,LLRv1,P0004,290224,LLRv1,1
1118,13,19.90806476,19.61888611,15.20759454,26.24286479,11.19520465,16,290224.00,P0004,R4,R1,T2mimics,1,LLRv1,P0004,290224,LLRv1,1
1119,14,24.02631315,24.71631043,18.00207372,27.52204097,8.141252589,16,290224.00,P0004,R4,R1,T2mimics,1,LLRv1,P0004,290224,LLRv1,1
1568,1,0.802186985,0.735361993,0.533887208,1.378521085,0.049028848,25,260224.00,P0004,R4,T1,T1mimics,1,CGv2,P0004,260224,CGv2,1
1569,2,1.192225387,0.969270527,0.500976145,2.332035065,0.30791829,25,260224.00,P0004,R4,T1,T1mimics,1,CGv2,P0004,260224,CGv2,1
1570,3,0.894081098,0.856879801,0.526284635,1.292367101,0.046083983,24,260224.00,P0004,R4,T1,T1mimics,1,CGv2,P0004,260224,CGv2,1
1571,4,0.58212327,0.590124577,0.436461419,0.701765895,0.005203726,24,260224.00,P0004,R4,T1,T1mimics,1,CGv2,P0004,260224,CGv2,1
1572,5,0.439504287,0.4473892,0.348055512,0.506758809,0.002148013,24,260224.00,P0004,R4,T1,T1mimics,1,CGv2,P0004,260224,CGv2,1
1573,6,0.352521066,0.354063928,0.293525457,0.391993612,0.000540117,24,260224.00,P0004,R4,T1,T1mimics,1,CGv2,P0004,260224,CGv2,1
1574,7,0.262019637,0.263200492,0.230026394,0.283678055,0.00016418,26,260224.00,P0004,R4,T1,T1mimics,1,CGv2,P0004,260224,CGv2,1
1575,8,0.195872129,0.195880093,0.18068701,0.207272828,4.52E-05,26,260224.00,P0004,R4,T1,T1mimics,1,CGv2,P0004,260224,CGv2,1
1576,9,0.141238628,0.141328447,0.133191541,0.146806061,8.83E-06,26,260224.00,P0004,R4,T1,T1mimics,1,CGv2,P0004,260224,CGv2,1
1577,10,0.101705399,0.101051636,0.09616556,0.107577421,1.13E-05,25,260224.00,P0004,R4,T1,T1mimics,1,CGv2,P0004,260224,CGv2,1
1578,11,0.076301783,0.077023093,0.069788426,0.083124787,1.70E-05,24,260224.00,P0004,R4,T1,T1mimics,1,CGv2,P0004,260224,CGv2,1
1579,12,0.056465165,0.054887135,0.049649753,0.064695142,2.29E-05,24,260224.00,P0004,R4,T1,T1mimics,1,CGv2,P0004,260224,CGv2,1
1580,13,0.041284961,0.041918771,0.034250509,0.052743156,1.84E-05,24,260224.00,P0004,R4,T1,T1mimics,1,CGv2,P0004,260224,CGv2,1
1581,14,0.029246336,0.035146711,0.001000001,0.050017186,0.000254106,26,260224.00,P0004,R4,T1,T1mimics,1,CGv2,P0004,260224,CGv2,1
1582,1,1.33420871,1.359874469,0.725415092,1.873054806,0.108783091,25,260224.00,P0004,R4,R1,T1mimics,1,CGv2,P0004,260224,CGv2,1
1583,2,1.034775568,1.031703711,0.428810019,1.996103027,0.214882213,25,260224.00,P0004,R4,R1,T1mimics,1,CGv2,P0004,260224,CGv2,1
1584,3,1.185649581,1.16731546,0.773773953,1.900112474,0.082992895,24,260224.00,P0004,R4,R1,T1mimics,1,CGv2,P0004,260224,CGv2,1
1585,4,1.74572757,1.695430241,1.42497663,2.291153254,0.051460684,24,260224.00,P0004,R4,R1,T1mimics,1,CGv2,P0004,260224,CGv2,1
1586,5,2.302768149,2.23519324,1.973325341,2.873104911,0.068693392,24,260224.00,P0004,R4,R1,T1mimics,1,CGv2,P0004,260224,CGv2,1
1587,6,2.849593171,2.824348715,2.55106198,3.406859524,0.038508537,24,260224.00,P0004,R4,R1,T1mimics,1,CGv2,P0004,260224,CGv2,1
1588,7,3.826042107,3.79940703,3.525122874,4.3473272,0.038160781,26,260224.00,P0004,R4,R1,T1mimics,1,CGv2,P0004,260224,CGv2,1
1589,8,5.111461023,5.105165896,4.824559068,5.534432156,0.03150594,26,260224.00,P0004,R4,R1,T1mimics,1,CGv2,P0004,260224,CGv2,1
1590,9,7.083382446,7.075769624,6.81170785,7.507984319,0.022666856,26,260224.00,P0004,R4,R1,T1mimics,1,CGv2,P0004,260224,CGv2,1
1591,10,9.843110153,9.895930825,9.295630931,10.39873316,0.106278643,25,260224.00,P0004,R4,R1,T1mimics,1,CGv2,P0004,260224,CGv2,1
1592,11,13.14453144,12.9832123,12.03010607,14.32902352,0.513614197,24,260224.00,P0004,R4,R1,T1mimics,1,CGv2,P0004,260224,CGv2,1
1593,12,17.83238129,18.21922755,15.45711109,20.14108724,2.094541952,24,260224.00,P0004,R4,R1,T1mimics,1,CGv2,P0004,260224,CGv2,1
1594,13,24.47855111,23.85628693,18.95980607,29.1966464,6.187469399,24,260224.00,P0004,R4,R1,T1mimics,1,CGv2,P0004,260224,CGv2,1
1595,14,223.2887496,28.55936747,19.99312816,999.9994868,145673.5468,26,260224.00,P0004,R4,R1,T1mimics,1,CGv2,P0004,260224,CGv2,1
1596,1,0.89693287,0.893987566,0.623045325,1.362801194,0.031074456,16,260224.00,P0004,R4,T1,T2mimics,1,CGv2,P0004,260224,CGv2,1
1597,2,1.173130711,1.137626171,0.702073395,1.823067188,0.104887929,15,260224.00,P0004,R4,T1,T2mimics,1,CGv2,P0004,260224,CGv2,1
1598,3,0.950014404,0.892629564,0.711220682,1.241958737,0.033541781,14,260224.00,P0004,R4,T1,T2mimics,1,CGv2,P0004,260224,CGv2,1
1599,4,0.723550681,0.730241299,0.537567317,0.922008634,0.007843626,15,260224.00,P0004,R4,T1,T2mimics,1,CGv2,P0004,260224,CGv2,1
1600,5,0.479882025,0.483609319,0.413963228,0.54912132,0.001499314,17,260224.00,P0004,R4,T1,T2mimics,1,CGv2,P0004,260224,CGv2,1
1601,6,0.412397638,0.420788944,0.36779657,0.436716795,0.000534965,16,260224.00,P0004,R4,T1,T2mimics,1,CGv2,P0004,260224,CGv2,1
1602,7,0.30724365,0.311674923,0.273253083,0.334801793,0.000344547,13,260224.00,P0004,R4,T1,T2mimics,1,CGv2,P0004,260224,CGv2,1
1603,8,0.230575847,0.229510315,0.207888842,0.24591583,0.000117069,16,260224.00,P0004,R4,T1,T2mimics,1,CGv2,P0004,260224,CGv2,1
1604,9,0.161361919,0.160578467,0.14916636,0.178629443,7.66E-05,16,260224.00,P0004,R4,T1,T2mimics,1,CGv2,P0004,260224,CGv2,1
1605,10,0.109864557,0.110284653,0.104513861,0.116491623,1.33E-05,16,260224.00,P0004,R4,T1,T2mimics,1,CGv2,P0004,260224,CGv2,1
1606,11,0.085374427,0.084960945,0.080215812,0.091792233,1.05E-05,16,260224.00,P0004,R4,T1,T2mimics,1,CGv2,P0004,260224,CGv2,1
1607,12,0.061895905,0.060053764,0.05616669,0.073539265,1.89E-05,16,260224.00,P0004,R4,T1,T2mimics,1,CGv2,P0004,260224,CGv2,1
1608,13,0.052737192,0.053596308,0.044222549,0.068127483,4.29E-05,16,260224.00,P0004,R4,T1,T2mimics,1,CGv2,P0004,260224,CGv2,1
1609,14,0.038309849,0.03862533,0.002380689,0.053816255,0.000127328,16,260224.00,P0004,R4,T1,T2mimics,1,CGv2,P0004,260224,CGv2,1
1610,1,1.157090119,1.118583794,0.733782744,1.605019666,0.049669132,16,260224.00,P0004,R4,R1,T2mimics,1,CGv2,P0004,260224,CGv2,1
1611,2,0.920469823,0.879023378,0.548526136,1.424352506,0.066300814,15,260224.00,P0004,R4,R1,T2mimics,1,CGv2,P0004,260224,CGv2,1
1612,3,1.091465698,1.120410858,0.805179729,1.406033353,0.041607422,14,260224.00,P0004,R4,R1,T2mimics,1,CGv2,P0004,260224,CGv2,1
1613,4,1.403489761,1.36941036,1.084588542,1.860232137,0.031697233,15,260224.00,P0004,R4,R1,T2mimics,1,CGv2,P0004,260224,CGv2,1
1614,5,2.097676707,2.067784803,1.821091193,2.415673498,0.029576795,17,260224.00,P0004,R4,R1,T2mimics,1,CGv2,P0004,260224,CGv2,1
1615,6,2.432898236,2.376493243,2.289813471,2.718894306,0.020660582,16,260224.00,P0004,R4,R1,T2mimics,1,CGv2,P0004,260224,CGv2,1
1616,7,3.267086745,3.208471157,2.986841829,3.65961104,0.041856717,13,260224.00,P0004,R4,R1,T2mimics,1,CGv2,P0004,260224,CGv2,1
1617,8,4.346717152,4.357285932,4.066431996,4.810262986,0.043324129,16,260224.00,P0004,R4,R1,T2mimics,1,CGv2,P0004,260224,CGv2,1
1618,9,6.215224615,6.227543048,5.598181257,6.703924375,0.110198578,16,260224.00,P0004,R4,R1,T2mimics,1,CGv2,P0004,260224,CGv2,1
1619,10,9.112062061,9.067444909,8.58430823,9.568108844,0.089972853,16,260224.00,P0004,R4,R1,T2mimics,1,CGv2,P0004,260224,CGv2,1
1620,11,11.72976741,11.77014363,10.89416789,12.46637014,0.193664859,16,260224.00,P0004,R4,R1,T2mimics,1,CGv2,P0004,260224,CGv2,1
1621,12,16.23061496,16.6518037,13.59817788,17.80414696,1.129875967,16,260224.00,P0004,R4,R1,T2mimics,1,CGv2,P0004,260224,CGv2,1
1622,13,19.2449169,18.66073946,14.67836406,22.61289843,5.273048201,16,260224.00,P0004,R4,R1,T2mimics,1,CGv2,P0004,260224,CGv2,1
1623,14,49.86634054,25.89182858,18.58174629,420.0464408,9149.550785,16,260224.00,P0004,R4,R1,T2mimics,1,CGv2,P0004,260224,CGv2,1
1624,1,1.50593582,1.309937179,0.804129124,5.063833714,0.849940922,24,260224.00,P0004,R4,T1,T1mimics,1,LLRv1,P0004,260224,LLRv1,1
1625,2,1.422347805,1.326664567,0.874016225,2.457020283,0.209896827,23,260224.00,P0004,R4,T1,T1mimics,1,LLRv1,P0004,260224,LLRv1,1
1626,3,1.012804367,0.987390071,0.658106267,1.418692708,0.042075617,24,260224.00,P0004,R4,T1,T1mimics,1,LLRv1,P0004,260224,LLRv1,1
1627,4,0.662348894,0.685246974,0.53284514,0.769252598,0.005063939,24,260224.00,P0004,R4,T1,T1mimics,1,LLRv1,P0004,260224,LLRv1,1
1628,5,0.492472959,0.49526006,0.402143747,0.542523384,0.001119969,27,260224.00,P0004,R4,T1,T1mimics,1,LLRv1,P0004,260224,LLRv1,1
1629,6,0.363289937,0.364818364,0.322178245,0.383819669,0.000179395,23,260224.00,P0004,R4,T1,T1mimics,1,LLRv1,P0004,260224,LLRv1,1
1630,7,0.263621335,0.265788421,0.232431993,0.281576782,0.000157812,24,260224.00,P0004,R4,T1,T1mimics,1,LLRv1,P0004,260224,LLRv1,1
1631,8,0.197525798,0.197391704,0.182571992,0.207988128,4.14E-05,26,260224.00,P0004,R4,T1,T1mimics,1,LLRv1,P0004,260224,LLRv1,1
1632,9,0.141218243,0.141075142,0.134392336,0.146890029,6.89E-06,24,260224.00,P0004,R4,T1,T1mimics,1,LLRv1,P0004,260224,LLRv1,1
1633,10,0.099998206,0.100159787,0.092388362,0.107186623,1.54E-05,26,260224.00,P0004,R4,T1,T1mimics,1,LLRv1,P0004,260224,LLRv1,1
1634,11,0.074956629,0.075483553,0.06838508,0.083660275,1.58E-05,26,260224.00,P0004,R4,T1,T1mimics,1,LLRv1,P0004,260224,LLRv1,1
1635,12,0.054662308,0.054529928,0.049632747,0.064593278,1.33E-05,24,260224.00,P0004,R4,T1,T1mimics,1,LLRv1,P0004,260224,LLRv1,1
1636,13,0.038662994,0.038176615,0.032456022,0.049412273,1.15E-05,24,260224.00,P0004,R4,T1,T1mimics,1,LLRv1,P0004,260224,LLRv1,1
1637,14,0.016660444,0.003092016,0.001,0.038871534,0.000273264,26,260224.00,P0004,R4,T1,T1mimics,1,LLRv1,P0004,260224,LLRv1,1
1638,1,0.795283801,0.7635129,0.197478838,1.243581373,0.066414133,24,260224.00,P0004,R4,R1,T1mimics,1,LLRv1,P0004,260224,LLRv1,1
1639,2,0.772078397,0.753770037,0.406997047,1.144143519,0.050380386,23,260224.00,P0004,R4,R1,T1mimics,1,LLRv1,P0004,260224,LLRv1,1
1640,3,1.028411317,1.012877613,0.704874279,1.519511437,0.043363947,24,260224.00,P0004,R4,R1,T1mimics,1,LLRv1,P0004,260224,LLRv1,1
1641,4,1.527984013,1.459341462,1.29996311,1.876717879,0.0289109,24,260224.00,P0004,R4,R1,T1mimics,1,LLRv1,P0004,260224,LLRv1,1
1642,5,2.040515692,2.019141217,1.843238521,2.486673008,0.021607772,27,260224.00,P0004,R4,R1,T1mimics,1,LLRv1,P0004,260224,LLRv1,1
1643,6,2.756539345,2.741090081,2.605390186,3.103871899,0.011330062,23,260224.00,P0004,R4,R1,T1mimics,1,LLRv1,P0004,260224,LLRv1,1
1644,7,3.802374024,3.762486367,3.551429174,4.302333717,0.03622683,24,260224.00,P0004,R4,R1,T1mimics,1,LLRv1,P0004,260224,LLRv1,1
1645,8,5.068048984,5.066069182,4.80796673,5.477291383,0.027744556,26,260224.00,P0004,R4,R1,T1mimics,1,LLRv1,P0004,260224,LLRv1,1
1646,9,7.083699177,7.088424435,6.807814014,7.440900498,0.017556412,24,260224.00,P0004,R4,R1,T1mimics,1,LLRv1,P0004,260224,LLRv1,1
1647,10,10.01579544,9.984065657,9.329522405,10.82387415,0.158239141,26,260224.00,P0004,R4,R1,T1mimics,1,LLRv1,P0004,260224,LLRv1,1
1648,11,13.37856017,13.24792382,11.95310442,14.62307286,0.501417127,26,260224.00,P0004,R4,R1,T1mimics,1,LLRv1,P0004,260224,LLRv1,1
1649,12,18.37248564,18.33881726,15.48148713,20.14798829,1.383906987,24,260224.00,P0004,R4,R1,T1mimics,1,LLRv1,P0004,260224,LLRv1,1
1650,13,26.0490524,26.1940459,20.23788711,30.81092339,4.537373108,24,260224.00,P0004,R4,R1,T1mimics,1,LLRv1,P0004,260224,LLRv1,1
1651,14,454.235967,327.45045,25.7257662,999.9997197,199516.6353,26,260224.00,P0004,R4,R1,T1mimics,1,LLRv1,P0004,260224,LLRv1,1
1652,1,1.428516181,1.382671475,1.026793361,2.045968771,0.102972196,15,260224.00,P0004,R4,T1,T2mimics,1,LLRv1,P0004,260224,LLRv1,1
1653,2,1.388941415,1.419872403,0.852932274,2.06600666,0.129759437,15,260224.00,P0004,R4,T1,T2mimics,1,LLRv1,P0004,260224,LLRv1,1
1654,3,0.973690765,0.949235797,0.69394058,1.25058949,0.03018651,14,260224.00,P0004,R4,T1,T2mimics,1,LLRv1,P0004,260224,LLRv1,1
1655,4,0.702892987,0.701469481,0.557846665,0.919009924,0.006322994,17,260224.00,P0004,R4,T1,T2mimics,1,LLRv1,P0004,260224,LLRv1,1
1656,5,0.486080745,0.492189616,0.424404591,0.562200487,0.001430967,17,260224.00,P0004,R4,T1,T2mimics,1,LLRv1,P0004,260224,LLRv1,1
1657,6,0.424496211,0.425241813,0.388038695,0.463996887,0.00036959,16,260224.00,P0004,R4,T1,T2mimics,1,LLRv1,P0004,260224,LLRv1,1
1658,7,0.313466484,0.319006652,0.268674374,0.34291777,0.0004146,17,260224.00,P0004,R4,T1,T2mimics,1,LLRv1,P0004,260224,LLRv1,1
1659,8,0.235031948,0.234330565,0.206616253,0.253537714,0.000149616,16,260224.00,P0004,R4,T1,T2mimics,1,LLRv1,P0004,260224,LLRv1,1
1660,9,0.160898347,0.160420656,0.14979893,0.179513901,7.81E-05,16,260224.00,P0004,R4,T1,T2mimics,1,LLRv1,P0004,260224,LLRv1,1
1661,10,0.111338462,0.110533699,0.105002828,0.119336836,1.47E-05,17,260224.00,P0004,R4,T1,T2mimics,1,LLRv1,P0004,260224,LLRv1,1
1662,11,0.085769238,0.085621707,0.079689868,0.093283392,1.77E-05,16,260224.00,P0004,R4,T1,T2mimics,1,LLRv1,P0004,260224,LLRv1,1
1663,12,0.060953161,0.059545767,0.053194609,0.074235208,2.43E-05,17,260224.00,P0004,R4,T1,T2mimics,1,LLRv1,P0004,260224,LLRv1,1
1664,13,0.050730077,0.051168226,0.041637994,0.063648336,4.06E-05,17,260224.00,P0004,R4,T1,T2mimics,1,LLRv1,P0004,260224,LLRv1,1
1665,14,0.038343905,0.038369413,0.002140332,0.056491971,0.000124634,16,260224.00,P0004,R4,T1,T2mimics,1,LLRv1,P0004,260224,LLRv1,1
1666,1,0.734714795,0.7232376,0.488766014,0.973905791,0.024669881,15,260224.00,P0004,R4,R1,T2mimics,1,LLRv1,P0004,260224,LLRv1,1
1667,2,0.77329795,0.704288637,0.484025545,1.17242603,0.044427998,15,260224.00,P0004,R4,R1,T2mimics,1,LLRv1,P0004,260224,LLRv1,1
1668,3,1.061231713,1.053969479,0.799622904,1.441045572,0.03771806,14,260224.00,P0004,R4,R1,T2mimics,1,LLRv1,P0004,260224,LLRv1,1
1669,4,1.439971344,1.42557877,1.088127532,1.792607292,0.024054141,17,260224.00,P0004,R4,R1,T2mimics,1,LLRv1,P0004,260224,LLRv1,1
1670,5,2.069654571,2.031737297,1.778724892,2.356242181,0.025525148,17,260224.00,P0004,R4,R1,T2mimics,1,LLRv1,P0004,260224,LLRv1,1
1671,6,2.360566006,2.351627217,2.155186872,2.57706258,0.011419307,16,260224.00,P0004,R4,R1,T2mimics,1,LLRv1,P0004,260224,LLRv1,1
1672,7,3.20425671,3.134730874,2.916151005,3.721977599,0.047491294,17,260224.00,P0004,R4,R1,T2mimics,1,LLRv1,P0004,260224,LLRv1,1
1673,8,4.266652451,4.267475849,3.944186379,4.839890314,0.052670684,16,260224.00,P0004,R4,R1,T2mimics,1,LLRv1,P0004,260224,LLRv1,1
1674,9,6.233421979,6.233735717,5.570599223,6.67561512,0.111604794,16,260224.00,P0004,R4,R1,T2mimics,1,LLRv1,P0004,260224,LLRv1,1
1675,10,8.992100861,9.047014671,8.379642306,9.523553028,0.092881536,17,260224.00,P0004,R4,R1,T2mimics,1,LLRv1,P0004,260224,LLRv1,1
1676,11,11.68709816,11.67932489,10.72002179,12.54864674,0.324141832,16,260224.00,P0004,R4,R1,T2mimics,1,LLRv1,P0004,260224,LLRv1,1
1677,12,16.50874486,16.79380513,13.47069702,18.79889762,1.632757577,17,260224.00,P0004,R4,R1,T2mimics,1,LLRv1,P0004,260224,LLRv1,1
1678,13,20.01967072,19.54337846,15.71132992,24.01652663,6.079886318,17,260224.00,P0004,R4,R1,T2mimics,1,LLRv1,P0004,260224,LLRv1,1
1679,14,52.73671123,26.06902786,17.70163055,467.2171817,11466.45186,16,260224.00,P0004,R4,R1,T2mimics,1,LLRv1,P0004,260224,LLRv1,1
