,LabelValue,Mean,Median,Min,Max,Variance,Count,Session,Subject,Acquisition,Quant,Segmentation,Run,Reconstruction,site,date,sub,ses,rec,run
0,1.0,0.4405254030769521,0.4247898012399673,0.2936714291572571,0.5920670032501221,0.0057231420321536,22,130224,P0001,R4,T1,T1mimics,1,CGv1,UBC,20243505,P0001,130224,CGv1,01
1,2.0,0.4331140759445372,0.4293574690818786,0.2890303432941437,0.5567570924758911,0.0045368406620968,21,130224,P0001,R4,T1,T1mimics,1,CGv1,UBC,20243505,P0001,130224,CGv1,01
2,3.0,0.4624444388207935,0.4534138739109039,0.3444767296314239,0.6027325391769409,0.0054782006047319,21,130224,P0001,R4,T1,T1mimics,1,CGv1,UBC,20243505,P0001,130224,CGv1,01
3,4.0,0.3875493245820204,0.3939066380262375,0.2332346439361572,0.4849339127540588,0.0045568890680142,24,130224,P0001,R4,T1,T1mimics,1,CGv1,UBC,20243505,P0001,130224,CGv1,01
4,5.0,0.2935053299773823,0.3096300810575485,0.1810010373592376,0.3546328246593475,0.0027606384249047,22,130224,P0001,R4,T1,T1mimics,1,CGv1,UBC,20243505,P0001,130224,CGv1,01
5,6.0,0.2579815232235452,0.2625665366649627,0.2020266950130462,0.2927134335041046,0.0006752573461202,23,130224,P0001,R4,T1,T1mimics,1,CGv1,UBC,20243505,P0001,130224,CGv1,01
6,7.0,0.2201186621730977,0.2249138206243515,0.1841004490852356,0.2411273121833801,0.0003035780664429,22,130224,P0001,R4,T1,T1mimics,1,CGv1,UBC,20243505,P0001,130224,CGv1,01
7,8.0,0.1861865269866856,0.1882542297244072,0.1657685190439224,0.1935099959373474,4.412121518964461e-05,22,130224,P0001,R4,T1,T1mimics,1,CGv1,UBC,20243505,P0001,130224,CGv1,01
8,9.0,0.1426997877657413,0.1429175958037376,0.1414557695388794,0.1447241753339767,8.619551886085432e-07,20,130224,P0001,R4,T1,T1mimics,1,CGv1,UBC,20243505,P0001,130224,CGv1,01
9,10.0,0.1033128732815384,0.1021335050463676,0.0963254794478416,0.1113891005516052,2.098098973681162e-05,24,130224,P0001,R4,T1,T1mimics,1,CGv1,UBC,20243505,P0001,130224,CGv1,01
10,11.0,0.0847236453132195,0.0836061835289001,0.0769789665937423,0.0956500396132469,3.1662586948884606e-05,22,130224,P0001,R4,T1,T1mimics,1,CGv1,UBC,20243505,P0001,130224,CGv1,01
11,12.0,0.0733759781966606,0.0708519145846366,0.0633646845817565,0.1081116944551467,0.0001137930120192,24,130224,P0001,R4,T1,T1mimics,1,CGv1,UBC,20243505,P0001,130224,CGv1,01
12,13.0,0.0597288519853637,0.0539989471435546,0.0459583513438701,0.1062902435660362,0.0001743076889132,21,130224,P0001,R4,T1,T1mimics,1,CGv1,UBC,20243505,P0001,130224,CGv1,01
13,14.0,0.0479295238513838,0.047289241105318,0.0362056829035282,0.0687281638383865,6.968379087549818e-05,22,130224,P0001,R4,T1,T1mimics,1,CGv1,UBC,20243505,P0001,130224,CGv1,01
14,1.0,2.3386981110019645,2.3541891014514187,1.6889980264236146,3.4051661166688216,0.1677845276382745,22,130224,P0001,R4,R1,T1mimics,1,CGv1,UBC,20243505,P0001,130224,CGv1,01
15,2.0,2.369444723095385,2.3290616141798144,1.7961154218135127,3.459844349222215,0.1580121230892364,21,130224,P0001,R4,R1,T1mimics,1,CGv1,UBC,20243505,P0001,130224,CGv1,01
16,3.0,2.219435258541382,2.205490518793654,1.6591106917266258,2.9029537091517303,0.1303109446740984,21,130224,P0001,R4,R1,T1mimics,1,CGv1,UBC,20243505,P0001,130224,CGv1,01
17,4.0,2.675515889943272,2.538769180735163,2.062136661716963,4.287527715109628,0.3129806658445099,24,130224,P0001,R4,R1,T1mimics,1,CGv1,UBC,20243505,P0001,130224,CGv1,01
18,5.0,3.5427306686904827,3.2299666256725463,2.8198179369340046,5.524830214178678,0.590360344232347,22,130224,P0001,R4,R1,T1mimics,1,CGv1,UBC,20243505,P0001,130224,CGv1,01
19,6.0,3.9193446632002495,3.8085584427539176,3.416310580723578,4.949840910556019,0.1853382768571868,23,130224,P0001,R4,R1,T1mimics,1,CGv1,UBC,20243505,P0001,130224,CGv1,01
20,7.0,4.573433238134846,4.446450951009609,4.147186774260928,5.431817276757515,0.1486887970757516,22,130224,P0001,R4,R1,T1mimics,1,CGv1,UBC,20243505,P0001,130224,CGv1,01
21,8.0,5.3781855515377215,5.312001756304936,5.167691700659067,6.032508499005397,0.0411476476249071,22,130224,P0001,R4,R1,T1mimics,1,CGv1,UBC,20243505,P0001,130224,CGv1,01
22,9.0,7.00801498262941,6.997041466619319,6.909695617144284,7.069347565389675,0.0020710952934733,20,130224,P0001,R4,R1,T1mimics,1,CGv1,UBC,20243505,P0001,130224,CGv1,01
23,10.0,9.698052494864312,9.791110144460864,8.977539050481084,10.381469220108896,0.1784187905106298,24,130224,P0001,R4,R1,T1mimics,1,CGv1,UBC,20243505,P0001,130224,CGv1,01
24,11.0,11.853708357475712,11.96117544252882,10.45477873342675,12.990561503345644,0.5837129392934178,22,130224,P0001,R4,R1,T1mimics,1,CGv1,UBC,20243505,P0001,130224,CGv1,01
25,12.0,13.86272583099307,14.114138857073735,9.249693153360743,15.781661450705164,2.676842270106635,24,130224,P0001,R4,R1,T1mimics,1,CGv1,UBC,20243505,P0001,130224,CGv1,01
26,13.0,17.36318859930349,18.51887958743951,9.40820122760108,21.75883100152543,8.50873146093627,21,130224,P0001,R4,R1,T1mimics,1,CGv1,UBC,20243505,P0001,130224,CGv1,01
27,14.0,21.457256352697705,21.154082618540933,14.550075895399855,27.61997343523524,12.043672487977936,22,130224,P0001,R4,R1,T1mimics,1,CGv1,UBC,20243505,P0001,130224,CGv1,01
28,1.0,0.5138075066109499,0.5293958485126495,0.3063538670539856,0.7224265933036804,0.0138999639847009,24,130224,P0001,R4,T1,T2mimics,1,CGv1,UBC,20243505,P0001,130224,CGv1,01
29,2.0,0.5283359473659879,0.5223056077957153,0.372571587562561,0.6638262867927551,0.0082446263844528,21,130224,P0001,R4,T1,T2mimics,1,CGv1,UBC,20243505,P0001,130224,CGv1,01
30,3.0,0.4991350363601338,0.5179060101509094,0.3203006088733673,0.6836091876029968,0.0091636456120091,22,130224,P0001,R4,T1,T2mimics,1,CGv1,UBC,20243505,P0001,130224,CGv1,01
31,4.0,0.4399593756312415,0.4514685869216919,0.3275154829025268,0.5081057548522949,0.0030916301968449,21,130224,P0001,R4,T1,T2mimics,1,CGv1,UBC,20243505,P0001,130224,CGv1,01
32,5.0,0.353252190080556,0.3550631701946258,0.2777718901634216,0.4046136736869812,0.0013991720653255,22,130224,P0001,R4,T1,T2mimics,1,CGv1,UBC,20243505,P0001,130224,CGv1,01
33,6.0,0.3128222769498825,0.320552110671997,0.2288746982812881,0.3566261529922485,0.0010585648136156,25,130224,P0001,R4,T1,T2mimics,1,CGv1,UBC,20243505,P0001,130224,CGv1,01
34,7.0,0.2695536923905213,0.2728597968816757,0.2265138626098632,0.2986582815647125,0.0003788189888701,24,130224,P0001,R4,T1,T2mimics,1,CGv1,UBC,20243505,P0001,130224,CGv1,01
35,8.0,0.2006746462800286,0.2023576349020004,0.1769969761371612,0.2162545621395111,9.369998956428624e-05,22,130224,P0001,R4,T1,T2mimics,1,CGv1,UBC,20243505,P0001,130224,CGv1,01
36,9.0,0.1563194678588347,0.1564676165580749,0.1513420939445495,0.1595446318387985,4.531292228688443e-06,22,130224,P0001,R4,T1,T2mimics,1,CGv1,UBC,20243505,P0001,130224,CGv1,01
37,10.0,0.1116582222637676,0.1115639358758926,0.1060569360852241,0.1168695092201232,7.74994378543688e-06,21,130224,P0001,R4,T1,T2mimics,1,CGv1,UBC,20243505,P0001,130224,CGv1,01
38,11.0,0.0949342946211497,0.0948262512683868,0.0892829298973083,0.1067754924297332,1.885651500973005e-05,24,130224,P0001,R4,T1,T2mimics,1,CGv1,UBC,20243505,P0001,130224,CGv1,01
39,12.0,0.0770201326712318,0.0761328190565109,0.0691605135798454,0.0910066664218902,3.4386446541692084e-05,23,130224,P0001,R4,T1,T2mimics,1,CGv1,UBC,20243505,P0001,130224,CGv1,01
40,13.0,0.0659795540074507,0.0649876520037651,0.055017665028572,0.0814559832215309,6.082777622498559e-05,21,130224,P0001,R4,T1,T2mimics,1,CGv1,UBC,20243505,P0001,130224,CGv1,01
41,14.0,0.0612666131081906,0.0588715709745883,0.0456601679325103,0.0883450806140899,0.0001301858753332,22,130224,P0001,R4,T1,T2mimics,1,CGv1,UBC,20243505,P0001,130224,CGv1,01
42,1.0,2.0627286156561757,1.8890412425284435,1.384223683443002,3.2641990441197213,0.2719889263649663,24,130224,P0001,R4,R1,T2mimics,1,CGv1,UBC,20243505,P0001,130224,CGv1,01
43,2.0,1.9515715065329728,1.9145879061499969,1.5064181999050563,2.6840479343639783,0.1206790756237026,21,130224,P0001,R4,R1,T2mimics,1,CGv1,UBC,20243505,P0001,130224,CGv1,01
44,3.0,2.0846949887400106,1.930866414635483,1.4628241078888862,3.1220671216249727,0.1873478555637762,22,130224,P0001,R4,R1,T2mimics,1,CGv1,UBC,20243505,P0001,130224,CGv1,01
45,4.0,2.3133644663156496,2.2149935321490086,1.9680942214297448,3.053290767012727,0.1039003185806853,21,130224,P0001,R4,R1,T2mimics,1,CGv1,UBC,20243505,P0001,130224,CGv1,01
46,5.0,2.865493999020504,2.8164577299573903,2.471493340518254,3.600076305099374,0.108230896034311,22,130224,P0001,R4,R1,T2mimics,1,CGv1,UBC,20243505,P0001,130224,CGv1,01
47,6.0,3.235938227957689,3.1196175807534883,2.8040568298470685,4.369202919804596,0.1446429842575034,25,130224,P0001,R4,R1,T2mimics,1,CGv1,UBC,20243505,P0001,130224,CGv1,01
48,7.0,3.730142436016424,3.665113779708857,3.3483082898651264,4.41474083960306,0.0795740829107469,24,130224,P0001,R4,R1,T2mimics,1,CGv1,UBC,20243505,P0001,130224,CGv1,01
49,8.0,4.995272599133869,4.941762526779206,4.624179902178783,5.649814035382528,0.0629588054228427,22,130224,P0001,R4,R1,T2mimics,1,CGv1,UBC,20243505,P0001,130224,CGv1,01
50,9.0,6.398354303887095,6.391114191545032,6.267838588329219,6.607547007816552,0.0077472047358346,22,130224,P0001,R4,R1,T2mimics,1,CGv1,UBC,20243505,P0001,130224,CGv1,01
51,10.0,8.961488890795076,8.963470068969533,8.556551718861963,9.428897693182746,0.0502703853680836,21,130224,P0001,R4,R1,T2mimics,1,CGv1,UBC,20243505,P0001,130224,CGv1,01
52,11.0,10.555063581596803,10.54613299448593,9.365444984092012,11.200349284574132,0.2208588345772605,24,130224,P0001,R4,R1,T2mimics,1,CGv1,UBC,20243505,P0001,130224,CGv1,01
53,12.0,13.055359149683294,13.134939864209317,10.98820602178947,14.459117612617286,0.8947497415328375,23,130224,P0001,R4,R1,T2mimics,1,CGv1,UBC,20243505,P0001,130224,CGv1,01
54,13.0,15.35947615946982,15.387538542584432,12.276569018636245,18.17598037795087,2.991657789346428,21,130224,P0001,R4,R1,T2mimics,1,CGv1,UBC,20243505,P0001,130224,CGv1,01
55,14.0,16.867181839314664,17.001461667922833,11.31924939169179,21.900926897117092,8.891831280460076,22,130224,P0001,R4,R1,T2mimics,1,CGv1,UBC,20243505,P0001,130224,CGv1,01
56,1.0,1.327489498588774,1.2642261981964111,0.8165003061294556,2.1185202598571777,0.0980900035217159,18,130224,P0001,R4,T1,T1mimics,1,LLRv1,UBC,20243505,P0001,130224,LLRv1,01
57,2.0,1.2623988787333171,1.250573992729187,0.7740665674209595,1.7540547847747805,0.0845414223509067,18,130224,P0001,R4,T1,T1mimics,1,LLRv1,UBC,20243505,P0001,130224,LLRv1,01
58,3.0,0.9244522319899664,0.9077032208442688,0.7585430145263672,1.235226273536682,0.0147717983850004,18,130224,P0001,R4,T1,T1mimics,1,LLRv1,UBC,20243505,P0001,130224,LLRv1,01
59,4.0,0.6292054818736182,0.6458187401294708,0.5171951055526733,0.6989384889602661,0.0029623505457582,18,130224,P0001,R4,T1,T1mimics,1,LLRv1,UBC,20243505,P0001,130224,LLRv1,01
60,5.0,0.4379729386419058,0.4524328112602234,0.358696311712265,0.4658940136432647,0.0010217092399239,16,130224,P0001,R4,T1,T1mimics,1,LLRv1,UBC,20243505,P0001,130224,LLRv1,01
61,6.0,0.3485026359558105,0.3479674756526947,0.3093594014644623,0.3725915551185608,0.0002699384079206,19,130224,P0001,R4,T1,T1mimics,1,LLRv1,UBC,20243505,P0001,130224,LLRv1,01
62,7.0,0.2569220031009001,0.2657453715801239,0.2067690342664718,0.2712824046611786,0.0002712148118131,17,130224,P0001,R4,T1,T1mimics,1,LLRv1,UBC,20243505,P0001,130224,LLRv1,01
63,8.0,0.1952538369666962,0.1966966837644577,0.177596777677536,0.2055494636297226,4.285528908584546e-05,21,130224,P0001,R4,T1,T1mimics,1,LLRv1,UBC,20243505,P0001,130224,LLRv1,01
64,9.0,0.1431137861477004,0.1429610699415207,0.1422357559204101,0.1441821306943893,3.687653692318885e-07,18,130224,P0001,R4,T1,T1mimics,1,LLRv1,UBC,20243505,P0001,130224,LLRv1,01
65,10.0,0.0968569199505605,0.0957500040531158,0.0918622761964798,0.1034464314579963,1.1110890068162837e-05,19,130224,P0001,R4,T1,T1mimics,1,LLRv1,UBC,20243505,P0001,130224,LLRv1,01
66,11.0,0.0744739178982046,0.0742090232670307,0.0691073164343833,0.0799482092261314,9.349091720514818e-06,18,130224,P0001,R4,T1,T1mimics,1,LLRv1,UBC,20243505,P0001,130224,LLRv1,01
67,12.0,0.0570951890396444,0.0562022030353546,0.0529281571507453,0.0636518746614456,8.551927189988291e-06,19,130224,P0001,R4,T1,T1mimics,1,LLRv1,UBC,20243505,P0001,130224,LLRv1,01
68,13.0,0.0386350397020578,0.038802046328783,0.0320005603134632,0.0489595606923103,1.239832198418804e-05,18,130224,P0001,R4,T1,T1mimics,1,LLRv1,UBC,20243505,P0001,130224,LLRv1,01
69,14.0,0.0229527634866018,0.0296960873529315,0.001000000629574,0.0427631735801696,0.0002371297798867,18,130224,P0001,R4,T1,T1mimics,1,LLRv1,UBC,20243505,P0001,130224,LLRv1,01
70,1.0,0.7944847262204551,0.7911338344320282,0.4720275840399166,1.2247392836144886,0.0335424547373823,18,130224,P0001,R4,R1,T1mimics,1,LLRv1,UBC,20243505,P0001,130224,LLRv1,01
71,2.0,0.8381285080064372,0.7996578237980192,0.5701076207425297,1.2918785568168991,0.0419304146177107,18,130224,P0001,R4,R1,T1mimics,1,LLRv1,UBC,20243505,P0001,130224,LLRv1,01
72,3.0,1.0991503396599098,1.101856596816579,0.8095682721650782,1.3183168005632455,0.0179814718291912,18,130224,P0001,R4,R1,T1mimics,1,LLRv1,UBC,20243505,P0001,130224,LLRv1,01
73,4.0,1.6019918786313516,1.5484571782582814,1.4307410677691967,1.933506309831379,0.0216393076075979,18,130224,P0001,R4,R1,T1mimics,1,LLRv1,UBC,20243505,P0001,130224,LLRv1,01
74,5.0,2.296953633674975,2.2102897508947583,2.14641092333438,2.787873661779296,0.0353957614644363,16,130224,P0001,R4,R1,T1mimics,1,LLRv1,UBC,20243505,P0001,130224,LLRv1,01
75,6.0,2.8760575182685373,2.87383180891911,2.683904093536941,3.232486212690308,0.0198999345783623,19,130224,P0001,R4,R1,T1mimics,1,LLRv1,UBC,20243505,P0001,130224,LLRv1,01
76,7.0,3.910465088504381,3.763000627457753,3.6861955763366296,4.83631411999177,0.0815039101199644,17,130224,P0001,R4,R1,T1mimics,1,LLRv1,UBC,20243505,P0001,130224,LLRv1,01
77,8.0,5.127474500812878,5.083969799905168,4.86500904619923,5.630732792999818,0.0314163392465146,21,130224,P0001,R4,R1,T1mimics,1,LLRv1,UBC,20243505,P0001,130224,LLRv1,01
78,9.0,6.98757270801434,6.994911281384177,6.935672230559661,7.03058097824265,0.0008772762699431,18,130224,P0001,R4,R1,T1mimics,1,LLRv1,UBC,20243505,P0001,130224,LLRv1,01
79,10.0,10.336542767786,10.44386378767426,9.666839019053471,10.885861328551757,0.1224290639839123,19,130224,P0001,R4,R1,T1mimics,1,LLRv1,UBC,20243505,P0001,130224,LLRv1,01
80,11.0,13.450342129280292,13.47601703866184,12.508097550647143,14.470247892630711,0.3095856867564555,18,130224,P0001,R4,R1,T1mimics,1,LLRv1,UBC,20243505,P0001,130224,LLRv1,01
81,12.0,17.558940619163412,17.79289682596497,15.710456374126354,18.893535196245104,0.7514808941966427,19,130224,P0001,R4,R1,T1mimics,1,LLRv1,UBC,20243505,P0001,130224,LLRv1,01
82,13.0,26.0873241286424,25.776005692570024,20.425019870675875,31.249452828464445,5.136681481144404,18,130224,P0001,R4,R1,T1mimics,1,LLRv1,UBC,20243505,P0001,130224,LLRv1,01
83,14.0,274.9781558550948,33.6745662581765,23.384606807192725,999.999370426336,156825.16314581805,18,130224,P0001,R4,R1,T1mimics,1,LLRv1,UBC,20243505,P0001,130224,LLRv1,01
84,1.0,1.2452627768119175,1.259282648563385,0.6871347427368164,1.664966702461243,0.0508527509306153,24,130224,P0001,R4,T1,T2mimics,1,LLRv1,UBC,20243505,P0001,130224,LLRv1,01
85,2.0,1.0515440729531376,1.0254059433937073,0.6009848117828369,1.6753264665603638,0.0846108478259855,22,130224,P0001,R4,T1,T2mimics,1,LLRv1,UBC,20243505,P0001,130224,LLRv1,01
86,3.0,0.8653849959373474,0.8445660173892975,0.6113171577453613,1.1697685718536377,0.0217515329131892,26,130224,P0001,R4,T1,T2mimics,1,LLRv1,UBC,20243505,P0001,130224,LLRv1,01
87,4.0,0.6274240255355835,0.6363070011138916,0.4458039104938507,0.7823811173439026,0.0083963679570533,25,130224,P0001,R4,T1,T2mimics,1,LLRv1,UBC,20243505,P0001,130224,LLRv1,01
88,5.0,0.458967994760584,0.4739618897438049,0.3326441049575805,0.5468538999557495,0.0023856367950742,27,130224,P0001,R4,T1,T2mimics,1,LLRv1,UBC,20243505,P0001,130224,LLRv1,01
89,6.0,0.4007890740266213,0.4023806154727936,0.3060464262962341,0.452181726694107,0.0010747522588604,26,130224,P0001,R4,T1,T2mimics,1,LLRv1,UBC,20243505,P0001,130224,LLRv1,01
90,7.0,0.3078657531489928,0.315395325422287,0.2477612644433975,0.338056206703186,0.0005323648771056,24,130224,P0001,R4,T1,T2mimics,1,LLRv1,UBC,20243505,P0001,130224,LLRv1,01
91,8.0,0.2143511984210748,0.2164642959833145,0.186037465929985,0.2330449968576431,0.0001498662726367,26,130224,P0001,R4,T1,T2mimics,1,LLRv1,UBC,20243505,P0001,130224,LLRv1,01
92,9.0,0.1569187504549821,0.156509518623352,0.1529634147882461,0.1614577770233154,6.046052657210674e-06,24,130224,P0001,R4,T1,T2mimics,1,LLRv1,UBC,20243505,P0001,130224,LLRv1,01
93,10.0,0.110221918849718,0.1099683567881584,0.1021867841482162,0.1166100949048996,9.18452850221687e-06,21,130224,P0001,R4,T1,T2mimics,1,LLRv1,UBC,20243505,P0001,130224,LLRv1,01
94,11.0,0.0886524800832073,0.0888681337237358,0.0820463597774505,0.0953954458236694,1.6783588281230883e-05,24,130224,P0001,R4,T1,T2mimics,1,LLRv1,UBC,20243505,P0001,130224,LLRv1,01
95,12.0,0.0645746968997021,0.0625535175204277,0.0574002973735332,0.0782780423760414,3.070415030564467e-05,24,130224,P0001,R4,T1,T2mimics,1,LLRv1,UBC,20243505,P0001,130224,LLRv1,01
96,13.0,0.0519461934878067,0.0528609845787286,0.041790921241045,0.0606741197407245,2.9606269654857102e-05,22,130224,P0001,R4,T1,T2mimics,1,LLRv1,UBC,20243505,P0001,130224,LLRv1,01
97,14.0,0.0447415688329122,0.0437826868146657,0.0293961744755506,0.0707070454955101,8.142010864679682e-05,22,130224,P0001,R4,T1,T2mimics,1,LLRv1,UBC,20243505,P0001,130224,LLRv1,01
98,1.0,0.8351885905241675,0.7941392308389299,0.600612611965,1.455318641023826,0.0339624249981049,24,130224,P0001,R4,R1,T2mimics,1,LLRv1,UBC,20243505,P0001,130224,LLRv1,01
99,2.0,1.024190403859521,0.9752243988809728,0.5968985866098767,1.6639355610892632,0.0780986454475767,22,130224,P0001,R4,R1,T2mimics,1,LLRv1,UBC,20243505,P0001,130224,LLRv1,01
100,3.0,1.1905509177986529,1.184401323589397,0.8548699495451317,1.63581209414793,0.0437172232614606,26,130224,P0001,R4,R1,T2mimics,1,LLRv1,UBC,20243505,P0001,130224,LLRv1,01
101,4.0,1.6327027487717338,1.5715684382687023,1.2781494566163476,2.2431386904888844,0.0724881689638266,25,130224,P0001,R4,R1,T2mimics,1,LLRv1,UBC,20243505,P0001,130224,LLRv1,01
102,5.0,2.207260179499489,2.1098742781630384,1.828641982951787,3.006215907922138,0.0729720715042009,27,130224,P0001,R4,R1,T2mimics,1,LLRv1,UBC,20243505,P0001,130224,LLRv1,01
103,6.0,2.5133734594069206,2.485220366218857,2.211500246396472,3.267478114683364,0.0508895734165836,26,130224,P0001,R4,R1,T2mimics,1,LLRv1,UBC,20243505,P0001,130224,LLRv1,01
104,7.0,3.2681127080755776,3.170626549284173,2.9580879752283376,4.036143431244296,0.0714179083617557,24,130224,P0001,R4,R1,T2mimics,1,LLRv1,UBC,20243505,P0001,130224,LLRv1,01
105,8.0,4.681477735750575,4.619699804612335,4.291016814280101,5.375261348573457,0.0812083625044766,26,130224,P0001,R4,R1,T2mimics,1,LLRv1,UBC,20243505,P0001,130224,LLRv1,01
106,9.0,6.374286497927728,6.389404473927778,6.193569727245745,6.537510955703644,0.0099360246011347,24,130224,P0001,R4,R1,T2mimics,1,LLRv1,UBC,20243505,P0001,130224,LLRv1,01
107,10.0,9.07952984088921,9.093524984886214,8.575586880497282,9.786001275366056,0.0635609887810589,21,130224,P0001,R4,R1,T2mimics,1,LLRv1,UBC,20243505,P0001,130224,LLRv1,01
108,11.0,11.304058277567734,11.252816440498297,10.482680712540692,12.188231174575984,0.2715357482640578,24,130224,P0001,R4,R1,T2mimics,1,LLRv1,UBC,20243505,P0001,130224,LLRv1,01
109,12.0,15.59272036532893,15.98633136506825,12.774974560504216,17.42151253141575,1.5631845896161352,24,130224,P0001,R4,R1,T2mimics,1,LLRv1,UBC,20243505,P0001,130224,LLRv1,01
110,13.0,19.46973874990073,18.919545213464005,16.481491684976163,23.92864216206483,4.417758130989918,22,130224,P0001,R4,R1,T2mimics,1,LLRv1,UBC,20243505,P0001,130224,LLRv1,01
111,14.0,23.23478042698752,22.84422412481853,14.142862185685583,34.01803186437469,20.77252698031148,22,130224,P0001,R4,R1,T2mimics,1,LLRv1,UBC,20243505,P0001,130224,LLRv1,01
112,1.0,0.447975668642256,0.4406353533267975,0.3430850505828857,0.5590390563011169,0.0040669967168433,18,140224,P0001,R4,T1,T1mimics,1,CGv1,UBC,20243505,P0001,140224,CGv1,01
113,2.0,0.4438177440315485,0.437225729227066,0.3521537780761719,0.5370017886161804,0.0026627472146198,16,140224,P0001,R4,T1,T1mimics,1,CGv1,UBC,20243505,P0001,140224,CGv1,01
114,3.0,0.4591349549591541,0.4607788920402527,0.3464010059833526,0.5627712607383728,0.0034525369390132,16,140224,P0001,R4,T1,T1mimics,1,CGv1,UBC,20243505,P0001,140224,CGv1,01
115,4.0,0.4020496782134561,0.4019317328929901,0.3215299248695373,0.479047954082489,0.0024601261170639,17,140224,P0001,R4,T1,T1mimics,1,CGv1,UBC,20243505,P0001,140224,CGv1,01
116,5.0,0.3120091399177909,0.3306735455989837,0.2373321801424026,0.3560835123062134,0.0013630655810238,16,140224,P0001,R4,T1,T1mimics,1,CGv1,UBC,20243505,P0001,140224,CGv1,01
117,6.0,0.276016085408628,0.2768847197294235,0.2474014014005661,0.2963668704032898,0.0001850882688743,16,140224,P0001,R4,T1,T1mimics,1,CGv1,UBC,20243505,P0001,140224,CGv1,01
118,7.0,0.2280472321435809,0.2295519560575485,0.2043591290712356,0.2445537745952606,0.0001117480508375,16,140224,P0001,R4,T1,T1mimics,1,CGv1,UBC,20243505,P0001,140224,CGv1,01
119,8.0,0.1850257275833023,0.185554951429367,0.173213928937912,0.1929499208927154,3.0125866532902555e-05,18,140224,P0001,R4,T1,T1mimics,1,CGv1,UBC,20243505,P0001,140224,CGv1,01
120,9.0,0.1424604575423633,0.1421835422515869,0.1409718990325927,0.1442599594593048,1.1947855759424532e-06,17,140224,P0001,R4,T1,T1mimics,1,CGv1,UBC,20243505,P0001,140224,CGv1,01
121,10.0,0.1018274226225912,0.1005229242146015,0.0977771878242492,0.109270729124546,1.1352409820313816e-05,16,140224,P0001,R4,T1,T1mimics,1,CGv1,UBC,20243505,P0001,140224,CGv1,01
122,11.0,0.0822499659843742,0.0812234356999397,0.0790962427854538,0.0885758474469184,7.196402266394569e-06,16,140224,P0001,R4,T1,T1mimics,1,CGv1,UBC,20243505,P0001,140224,CGv1,01
123,12.0,0.0696478170507094,0.0676877498626709,0.060645081102848,0.0929876044392585,5.610379807558636e-05,17,140224,P0001,R4,T1,T1mimics,1,CGv1,UBC,20243505,P0001,140224,CGv1,01
124,13.0,0.0564639040214173,0.0553338266909122,0.0476138144731521,0.0691287592053413,4.862198478695695e-05,17,140224,P0001,R4,T1,T1mimics,1,CGv1,UBC,20243505,P0001,140224,CGv1,01
125,14.0,0.0448214116040617,0.0430139303207397,0.0371094159781932,0.0609291270375251,4.691722723159595e-05,16,140224,P0001,R4,T1,T1mimics,1,CGv1,UBC,20243505,P0001,140224,CGv1,01
126,1.0,2.278028466794737,2.2694766633408925,1.7887837866221763,2.9147291562283053,0.1051045041546797,18,140224,P0001,R4,R1,T1mimics,1,CGv1,UBC,20243505,P0001,140224,CGv1,01
127,2.0,2.284554647394755,2.288173577022583,1.8621911904184465,2.8396685262416725,0.0741826112939783,16,140224,P0001,R4,R1,T1mimics,1,CGv1,UBC,20243505,P0001,140224,CGv1,01
128,3.0,2.214881202387084,2.1709510664166687,1.776920873123425,2.8868276440515244,0.0849095237904919,16,140224,P0001,R4,R1,T1mimics,1,CGv1,UBC,20243505,P0001,140224,CGv1,01
129,4.0,2.526134141255932,2.4879846953170004,2.087473689174354,3.110130419138299,0.1003066216042752,17,140224,P0001,R4,R1,T1mimics,1,CGv1,UBC,20243505,P0001,140224,CGv1,01
130,5.0,3.254322358949861,3.024458574257636,2.808329971594,4.213503619273147,0.1754104225856835,16,140224,P0001,R4,R1,T1mimics,1,CGv1,UBC,20243505,P0001,140224,CGv1,01
131,6.0,3.632102553987741,3.6117928733361806,3.374196308241947,4.042014290698807,0.0343911910885179,16,140224,P0001,R4,R1,T1mimics,1,CGv1,UBC,20243505,P0001,140224,CGv1,01
132,7.0,4.394767130906159,4.356381930873022,4.089080210088811,4.893346358172329,0.044023013859473,16,140224,P0001,R4,R1,T1mimics,1,CGv1,UBC,20243505,P0001,140224,CGv1,01
133,8.0,5.409498232287911,5.389271231225164,5.1826919408587,5.7732077675949895,0.0266975753169583,18,140224,P0001,R4,R1,T1mimics,1,CGv1,UBC,20243505,P0001,140224,CGv1,01
134,9.0,7.0199038196877,7.033162799042862,6.931930410545389,7.093612321763499,0.0028850451036919,17,140224,P0001,R4,R1,T1mimics,1,CGv1,UBC,20243505,P0001,140224,CGv1,01
135,10.0,9.830947683834369,9.94798514804168,9.151581654225136,10.227334435077651,0.0991058001936665,16,140224,P0001,R4,R1,T1mimics,1,CGv1,UBC,20243505,P0001,140224,CGv1,01
136,11.0,12.17063612672952,12.311812574314448,11.289759328571792,12.642825560152968,0.1488382175096081,16,140224,P0001,R4,R1,T1mimics,1,CGv1,UBC,20243505,P0001,140224,CGv1,01
137,12.0,14.5014211988505,14.773722010686749,10.75412154157838,16.489383505054583,1.814016315327784,17,140224,P0001,R4,R1,T1mimics,1,CGv1,UBC,20243505,P0001,140224,CGv1,01
138,13.0,17.96935879236154,18.072128023710945,14.465759424808734,21.00230807098781,4.450645020237511,17,140224,P0001,R4,R1,T1mimics,1,CGv1,UBC,20243505,P0001,140224,CGv1,01
139,14.0,22.781571869585207,23.25888089830859,16.412511529733845,26.94733866433341,9.687679516703874,16,140224,P0001,R4,R1,T1mimics,1,CGv1,UBC,20243505,P0001,140224,CGv1,01
140,1.0,0.5360447934695652,0.5611226558685303,0.3288198709487915,0.7069128155708313,0.012851540828857,21,140224,P0001,R4,T1,T2mimics,1,CGv1,UBC,20243505,P0001,140224,CGv1,01
141,2.0,0.5189112382275718,0.5408487915992737,0.3368205428123474,0.691985011100769,0.0100966502558151,21,140224,P0001,R4,T1,T2mimics,1,CGv1,UBC,20243505,P0001,140224,CGv1,01
142,3.0,0.4980719784895579,0.5119697451591492,0.3434556722640991,0.6641388535499573,0.008065649608973,21,140224,P0001,R4,T1,T2mimics,1,CGv1,UBC,20243505,P0001,140224,CGv1,01
143,4.0,0.4371041130451929,0.4423117041587829,0.3333644866943359,0.5099695920944214,0.0030071153967165,21,140224,P0001,R4,T1,T2mimics,1,CGv1,UBC,20243505,P0001,140224,CGv1,01
144,5.0,0.3558875024318695,0.3607651591300964,0.2904286384582519,0.404473215341568,0.0010800836207558,22,140224,P0001,R4,T1,T2mimics,1,CGv1,UBC,20243505,P0001,140224,CGv1,01
145,6.0,0.3153522617760159,0.3256771564483642,0.2497863322496414,0.3553187847137451,0.0008046092161425,21,140224,P0001,R4,T1,T2mimics,1,CGv1,UBC,20243505,P0001,140224,CGv1,01
146,7.0,0.2729959551777158,0.2730590999126434,0.2457633316516876,0.2942676842212677,0.0002360337510772,21,140224,P0001,R4,T1,T2mimics,1,CGv1,UBC,20243505,P0001,140224,CGv1,01
147,8.0,0.2034588068723678,0.2035766616463661,0.1838296800851822,0.2168711274862289,7.114183569746136e-05,20,140224,P0001,R4,T1,T2mimics,1,CGv1,UBC,20243505,P0001,140224,CGv1,01
148,9.0,0.1582837870175188,0.1582692563533783,0.1535987854003906,0.1626627594232559,4.739661382889846e-06,22,140224,P0001,R4,T1,T2mimics,1,CGv1,UBC,20243505,P0001,140224,CGv1,01
149,10.0,0.1140864739815394,0.113908939063549,0.1100076287984848,0.1195938140153884,7.5670180829172095e-06,21,140224,P0001,R4,T1,T2mimics,1,CGv1,UBC,20243505,P0001,140224,CGv1,01
150,11.0,0.0950945104387673,0.095177948474884,0.0906311944127082,0.1026126518845558,1.0507557047039283e-05,22,140224,P0001,R4,T1,T2mimics,1,CGv1,UBC,20243505,P0001,140224,CGv1,01
151,12.0,0.0774141661822795,0.0768610201776027,0.0694554671645164,0.0978544205427169,3.53048920872146e-05,22,140224,P0001,R4,T1,T2mimics,1,CGv1,UBC,20243505,P0001,140224,CGv1,01
152,13.0,0.0650530931140695,0.0658990293741226,0.0514900125563144,0.0865569487214088,6.764503335672341e-05,21,140224,P0001,R4,T1,T2mimics,1,CGv1,UBC,20243505,P0001,140224,CGv1,01
153,14.0,0.058717428750935,0.0593457072973251,0.0462218858301639,0.0722728297114372,6.183747176033678e-05,21,140224,P0001,R4,T1,T2mimics,1,CGv1,UBC,20243505,P0001,140224,CGv1,01
154,1.0,1.9622738095482413,1.7821415505887142,1.414601600046678,3.041178737509249,0.2204415926497727,21,140224,P0001,R4,R1,T2mimics,1,CGv1,UBC,20243505,P0001,140224,CGv1,01
155,2.0,2.0075949131262094,1.84894561203147,1.445118006832632,2.968940052320767,0.1800841965976466,21,140224,P0001,R4,R1,T2mimics,1,CGv1,UBC,20243505,P0001,140224,CGv1,01
156,3.0,2.080272136478478,1.9532404198789977,1.505709227302087,2.9115838833229497,0.1684356794104304,21,140224,P0001,R4,R1,T2mimics,1,CGv1,UBC,20243505,P0001,140224,CGv1,01
157,4.0,2.3275160430226243,2.260849058701408,1.960901229214563,2.999719645952889,0.1016022204189235,21,140224,P0001,R4,R1,T2mimics,1,CGv1,UBC,20243505,P0001,140224,CGv1,01
158,5.0,2.8357396909842256,2.7720711021983737,2.472351597263428,3.4431866130989226,0.0791107701158914,22,140224,P0001,R4,R1,T2mimics,1,CGv1,UBC,20243505,P0001,140224,CGv1,01
159,6.0,3.1990169190268736,3.0705254581113026,2.814374142379296,4.003421608355176,0.0975550303625163,21,140224,P0001,R4,R1,T2mimics,1,CGv1,UBC,20243505,P0001,140224,CGv1,01
160,7.0,3.674925333706644,3.662210855891337,3.3982664547292707,4.068955255771303,0.0445785173069935,21,140224,P0001,R4,R1,T2mimics,1,CGv1,UBC,20243505,P0001,140224,CGv1,01
161,8.0,4.923630091158598,4.912348902128299,4.611033343124473,5.439817985521295,0.043464590656179,20,140224,P0001,R4,R1,T2mimics,1,CGv1,UBC,20243505,P0001,140224,CGv1,01
162,9.0,6.318963281089446,6.31838119119391,6.147688650712942,6.510468148516081,0.007573789918182,22,140224,P0001,R4,R1,T2mimics,1,CGv1,UBC,20243505,P0001,140224,CGv1,01
163,10.0,8.770339275859639,8.778942269334163,8.361636496276697,9.090278655417883,0.0440405667393868,21,140224,P0001,R4,R1,T2mimics,1,CGv1,UBC,20243505,P0001,140224,CGv1,01
164,11.0,10.527836594870967,10.506635965372396,9.745386963832182,11.03372857965756,0.123748537417409,22,140224,P0001,R4,R1,T2mimics,1,CGv1,UBC,20243505,P0001,140224,CGv1,01
165,12.0,12.986344755301154,13.010729608441585,10.219262394624922,14.397714691506415,0.816485933030011,22,140224,P0001,R4,R1,T2mimics,1,CGv1,UBC,20243505,P0001,140224,CGv1,01
166,13.0,15.610999628511262,15.174730333625858,11.55308747329562,19.421242107997216,3.657867974453466,21,140224,P0001,R4,R1,T2mimics,1,CGv1,UBC,20243505,P0001,140224,CGv1,01
167,14.0,17.340930776238928,16.85041843026568,13.836458375750428,21.63477283627856,5.439461994008733,21,140224,P0001,R4,R1,T2mimics,1,CGv1,UBC,20243505,P0001,140224,CGv1,01
168,1.0,1.2966471910476685,1.3065359592437744,0.8077426552772522,2.013785123825073,0.0966453822976188,17,140224,P0001,R4,T1,T1mimics,1,LLRv1,UBC,20243505,P0001,140224,LLRv1,01
169,2.0,1.2390221580863,1.2057920694351196,0.877907395362854,1.7489043474197388,0.0520618180561868,16,140224,P0001,R4,T1,T1mimics,1,LLRv1,UBC,20243505,P0001,140224,LLRv1,01
170,3.0,0.9178714603185654,0.9094069004058838,0.7740060091018677,1.1187260150909424,0.0089465010427736,16,140224,P0001,R4,T1,T1mimics,1,LLRv1,UBC,20243505,P0001,140224,LLRv1,01
171,4.0,0.6204629568826585,0.620843768119812,0.5231999158859253,0.7028036117553711,0.0027268624995193,21,140224,P0001,R4,T1,T1mimics,1,LLRv1,UBC,20243505,P0001,140224,LLRv1,01
172,5.0,0.4571240889398675,0.4636442065238952,0.3946719765663147,0.4939375519752502,0.000663210680835,19,140224,P0001,R4,T1,T1mimics,1,LLRv1,UBC,20243505,P0001,140224,LLRv1,01
173,6.0,0.3594062328338623,0.3581279814243316,0.3348894715309143,0.3785293102264404,8.710886856652975e-05,18,140224,P0001,R4,T1,T1mimics,1,LLRv1,UBC,20243505,P0001,140224,LLRv1,01
174,7.0,0.2645890256389975,0.2683678567409515,0.241303265094757,0.2743546664714813,8.208212048886523e-05,16,140224,P0001,R4,T1,T1mimics,1,LLRv1,UBC,20243505,P0001,140224,LLRv1,01
175,8.0,0.1946829749005181,0.1956132650375366,0.1829894334077835,0.2028036266565323,2.74427060730409e-05,21,140224,P0001,R4,T1,T1mimics,1,LLRv1,UBC,20243505,P0001,140224,LLRv1,01
176,9.0,0.1423435691330168,0.1424363926053047,0.1412104815244674,0.143246054649353,3.6474443378103437e-07,18,140224,P0001,R4,T1,T1mimics,1,LLRv1,UBC,20243505,P0001,140224,LLRv1,01
177,10.0,0.0964395693119834,0.0959026515483856,0.0932861790060997,0.1002307459712028,3.664154857457416e-06,17,140224,P0001,R4,T1,T1mimics,1,LLRv1,UBC,20243505,P0001,140224,LLRv1,01
178,11.0,0.0732047458489735,0.0732354559004306,0.0688283666968345,0.0779703110456466,4.716543382885273e-06,18,140224,P0001,R4,T1,T1mimics,1,LLRv1,UBC,20243505,P0001,140224,LLRv1,01
179,12.0,0.0544564425945282,0.0543293803930282,0.0499938055872917,0.0587655790150165,5.8227088936809545e-06,19,140224,P0001,R4,T1,T1mimics,1,LLRv1,UBC,20243505,P0001,140224,LLRv1,01
180,13.0,0.0380270603216356,0.0382483005523681,0.0330840200185775,0.0427822358906269,7.064932103447665e-06,18,140224,P0001,R4,T1,T1mimics,1,LLRv1,UBC,20243505,P0001,140224,LLRv1,01
181,14.0,0.0104765198535888,0.0010000007459893,0.001000000629574,0.0357170440256595,0.0002090857424932,17,140224,P0001,R4,T1,T1mimics,1,LLRv1,UBC,20243505,P0001,140224,LLRv1,01
182,1.0,0.8137356641472928,0.7653826845904815,0.4965773101454615,1.2380180661088855,0.0342000352078939,17,140224,P0001,R4,R1,T1mimics,1,LLRv1,UBC,20243505,P0001,140224,LLRv1,01
183,2.0,0.8348591112417536,0.830060365301093,0.5717865596682624,1.1390723045301183,0.0237683032172285,16,140224,P0001,R4,R1,T1mimics,1,LLRv1,UBC,20243505,P0001,140224,LLRv1,01
184,3.0,1.100904121054978,1.0997158006035122,0.8938739123883778,1.291979633543632,0.0124241825634353,16,140224,P0001,R4,R1,T1mimics,1,LLRv1,UBC,20243505,P0001,140224,LLRv1,01
185,4.0,1.6237575370550887,1.6107111826674847,1.422872596659443,1.911315291988756,0.0206807455521045,21,140224,P0001,R4,R1,T1mimics,1,LLRv1,UBC,20243505,P0001,140224,LLRv1,01
186,5.0,2.195000968258896,2.1568262601561528,2.02454742710088,2.533749694366697,0.0173819434724775,19,140224,P0001,R4,R1,T1mimics,1,LLRv1,UBC,20243505,P0001,140224,LLRv1,01
187,6.0,2.7842714310783183,2.7923066223387814,2.641803350450693,2.986059834692916,0.0053892936706914,18,140224,P0001,R4,R1,T1mimics,1,LLRv1,UBC,20243505,P0001,140224,LLRv1,01
188,7.0,3.784082156494444,3.726228891047606,3.64491704428125,4.144162738980391,0.0183555401387794,16,140224,P0001,R4,R1,T1mimics,1,LLRv1,UBC,20243505,P0001,140224,LLRv1,01
189,8.0,5.140356634805833,5.112127747615214,4.930878290917339,5.464796416804822,0.0199702205429311,21,140224,P0001,R4,R1,T1mimics,1,LLRv1,UBC,20243505,P0001,140224,LLRv1,01
190,9.0,7.025382490377531,7.020681670384786,6.980995060896196,7.081627292848871,0.0008901026691612,18,140224,P0001,R4,R1,T1mimics,1,LLRv1,UBC,20243505,P0001,140224,LLRv1,01
191,10.0,10.373242401704104,10.427240371925189,9.97697852400808,10.719701574813277,0.0417501211529285,17,140224,P0001,R4,R1,T1mimics,1,LLRv1,UBC,20243505,P0001,140224,LLRv1,01
192,11.0,13.67227762039665,13.654601216457744,12.825394519903396,14.5288933617248,0.1628432479251171,18,140224,P0001,R4,R1,T1mimics,1,LLRv1,UBC,20243505,P0001,140224,LLRv1,01
193,12.0,18.399442065200173,18.406247094404996,17.016764180005218,20.00247807208734,0.6673709752666507,19,140224,P0001,R4,R1,T1mimics,1,LLRv1,UBC,20243505,P0001,140224,LLRv1,01
194,13.0,26.42584980162007,26.145074924277875,23.37418742107138,30.22607287259749,3.415297457695633,18,140224,P0001,R4,R1,T1mimics,1,LLRv1,UBC,20243505,P0001,140224,LLRv1,01
195,14.0,663.9231124034746,999.9992540111742,27.997837650887003,999.999370426336,191327.36711703308,17,140224,P0001,R4,R1,T1mimics,1,LLRv1,UBC,20243505,P0001,140224,LLRv1,01
196,1.0,1.3135102534294127,1.2951865196228027,0.6920095682144165,2.4362714290618896,0.170829856834616,25,140224,P0001,R4,T1,T2mimics,1,LLRv1,UBC,20243505,P0001,140224,LLRv1,01
197,2.0,1.0654483909408252,1.071165382862091,0.6359022855758667,1.6837493181228638,0.0704609064274759,24,140224,P0001,R4,T1,T2mimics,1,LLRv1,UBC,20243505,P0001,140224,LLRv1,01
198,3.0,0.8944161669774489,0.8843225836753845,0.6716166138648987,1.1311887502670288,0.0195296685595597,22,140224,P0001,R4,T1,T2mimics,1,LLRv1,UBC,20243505,P0001,140224,LLRv1,01
199,4.0,0.646713866541783,0.6675589978694916,0.4732203185558319,0.7608362436294556,0.0051507414014957,24,140224,P0001,R4,T1,T2mimics,1,LLRv1,UBC,20243505,P0001,140224,LLRv1,01
200,5.0,0.4712379484072975,0.4824684262275696,0.3638622164726257,0.528010368347168,0.0014818629041154,23,140224,P0001,R4,T1,T2mimics,1,LLRv1,UBC,20243505,P0001,140224,LLRv1,01
201,6.0,0.3931245890756448,0.3953321278095245,0.3267045319080353,0.450680673122406,0.0008491397757156,24,140224,P0001,R4,T1,T2mimics,1,LLRv1,UBC,20243505,P0001,140224,LLRv1,01
202,7.0,0.3137335789700349,0.3173580020666122,0.2787190973758697,0.3432591557502746,0.000274945935624,24,140224,P0001,R4,T1,T2mimics,1,LLRv1,UBC,20243505,P0001,140224,LLRv1,01
203,8.0,0.2192699604413726,0.2184683606028556,0.1919934749603271,0.2350678294897079,0.0001001468770573,22,140224,P0001,R4,T1,T2mimics,1,LLRv1,UBC,20243505,P0001,140224,LLRv1,01
204,9.0,0.1582883484661579,0.1583209261298179,0.1523411870002746,0.1634654253721237,7.563248576411552e-06,24,140224,P0001,R4,T1,T2mimics,1,LLRv1,UBC,20243505,P0001,140224,LLRv1,01
205,10.0,0.1126961999613305,0.1130726709961891,0.1072242781519889,0.1179436221718788,7.068384305486943e-06,23,140224,P0001,R4,T1,T2mimics,1,LLRv1,UBC,20243505,P0001,140224,LLRv1,01
206,11.0,0.0881744125349955,0.0873907208442688,0.0846924036741256,0.0958461984992027,6.779130905517862e-06,22,140224,P0001,R4,T1,T2mimics,1,LLRv1,UBC,20243505,P0001,140224,LLRv1,01
207,12.0,0.0646875701135113,0.0647407174110412,0.057950459420681,0.0703571066260337,1.0268258610583098e-05,21,140224,P0001,R4,T1,T2mimics,1,LLRv1,UBC,20243505,P0001,140224,LLRv1,01
208,13.0,0.0504222574897787,0.0504341982305049,0.0406546704471111,0.0593676455318927,3.044956256745454e-05,22,140224,P0001,R4,T1,T2mimics,1,LLRv1,UBC,20243505,P0001,140224,LLRv1,01
209,14.0,0.0402725936201888,0.0410801209509372,0.0010000008624047,0.0601956956088542,0.0001160898216491,21,140224,P0001,R4,T1,T2mimics,1,LLRv1,UBC,20243505,P0001,140224,LLRv1,01
210,1.0,0.8403759928455827,0.772089567679588,0.4104632957030817,1.4450667244100213,0.0744617476546034,25,140224,P0001,R4,R1,T2mimics,1,LLRv1,UBC,20243505,P0001,140224,LLRv1,01
211,2.0,1.0020326566541404,0.93356523435089,0.5939126384412466,1.5725686519500557,0.0706832239426203,24,140224,P0001,R4,R1,T2mimics,1,LLRv1,UBC,20243505,P0001,140224,LLRv1,01
212,3.0,1.1454757873349706,1.1308569743661785,0.8840257647222355,1.4889447035048458,0.0314101077897493,22,140224,P0001,R4,R1,T2mimics,1,LLRv1,UBC,20243505,P0001,140224,LLRv1,01
213,4.0,1.567572197621521,1.498185347940015,1.314343274749438,2.1131806069777137,0.0374717189162273,24,140224,P0001,R4,R1,T2mimics,1,LLRv1,UBC,20243505,P0001,140224,LLRv1,01
214,5.0,2.1375797615693592,2.0726744915082222,1.893902203341768,2.7482930481055665,0.0366473288742613,23,140224,P0001,R4,R1,T2mimics,1,LLRv1,UBC,20243505,P0001,140224,LLRv1,01
215,6.0,2.5582055457792685,2.5296590534250365,2.218865950189964,3.0608696921336005,0.038544717717213,24,140224,P0001,R4,R1,T2mimics,1,LLRv1,UBC,20243505,P0001,140224,LLRv1,01
216,7.0,3.1965933316696145,3.151091274877678,2.913250770585454,3.5878416994564204,0.0302689729232898,24,140224,P0001,R4,R1,T2mimics,1,LLRv1,UBC,20243505,P0001,140224,LLRv1,01
217,8.0,4.570409387171531,4.577329941258659,4.254091264512158,5.208510342378232,0.0465344050949044,22,140224,P0001,R4,R1,T2mimics,1,LLRv1,UBC,20243505,P0001,140224,LLRv1,01
218,9.0,6.3195095503423175,6.316285018858723,6.117501592300222,6.564212999063721,0.0122848405892681,24,140224,P0001,R4,R1,T2mimics,1,LLRv1,UBC,20243505,P0001,140224,LLRv1,01
219,10.0,8.878388038546696,8.843869974856284,8.47862717445377,9.326246044599278,0.0445100611349599,23,140224,P0001,R4,R1,T2mimics,1,LLRv1,UBC,20243505,P0001,140224,LLRv1,01
220,11.0,11.350755863614928,11.44286770028632,10.433381977150802,11.80743439338125,0.1057948608475969,22,140224,P0001,R4,R1,T2mimics,1,LLRv1,UBC,20243505,P0001,140224,LLRv1,01
221,12.0,15.497144480862014,15.446229822430949,14.21320528877429,17.256118588131955,0.5976539447828332,21,140224,P0001,R4,R1,T2mimics,1,LLRv1,UBC,20243505,P0001,140224,LLRv1,01
222,13.0,20.0746072437079,19.827817549004354,16.844191664343366,24.59741990286036,4.947386916710643,22,140224,P0001,R4,R1,T2mimics,1,LLRv1,UBC,20243505,P0001,140224,LLRv1,01
223,14.0,70.67013321753,24.342674190134883,16.612483498785387,999.9991375960396,43194.73093755469,21,140224,P0001,R4,R1,T2mimics,1,LLRv1,UBC,20243505,P0001,140224,LLRv1,01
224,1.0,0.4382793307304382,0.4259676039218902,0.3041949570178985,0.5852614045143127,0.0061159896772377,21,120224,P0001,R4,T1,T1mimics,1,CGv1,UBC,20243505,P0001,120224,CGv1,01
225,2.0,0.4074177958748557,0.4158123433589935,0.2806140482425689,0.5416786670684814,0.006514243948986,22,120224,P0001,R4,T1,T1mimics,1,CGv1,UBC,20243505,P0001,120224,CGv1,01
226,3.0,0.4430529743432999,0.4369131922721863,0.3316883146762848,0.5648027658462524,0.0045692147259839,20,120224,P0001,R4,T1,T1mimics,1,CGv1,UBC,20243505,P0001,120224,CGv1,01
227,4.0,0.393601781129837,0.3929192274808883,0.2747706472873688,0.4754318296909332,0.0029053309436184,20,120224,P0001,R4,T1,T1mimics,1,CGv1,UBC,20243505,P0001,120224,CGv1,01
228,5.0,0.305046137599718,0.3141154646873474,0.2015779167413711,0.358768492937088,0.001730282315907,21,120224,P0001,R4,T1,T1mimics,1,CGv1,UBC,20243505,P0001,120224,CGv1,01
229,6.0,0.2662606127560138,0.2713802456855774,0.2222591489553451,0.2989118993282318,0.0005630787756705,20,120224,P0001,R4,T1,T1mimics,1,CGv1,UBC,20243505,P0001,120224,CGv1,01
230,7.0,0.222907081246376,0.2282700836658477,0.1907555311918258,0.2422873675823211,0.0002422461541142,20,120224,P0001,R4,T1,T1mimics,1,CGv1,UBC,20243505,P0001,120224,CGv1,01
231,8.0,0.1856118681884947,0.1875364482402801,0.171986848115921,0.1944738179445266,2.8234921742536285e-05,21,120224,P0001,R4,T1,T1mimics,1,CGv1,UBC,20243505,P0001,120224,CGv1,01
232,9.0,0.1426714204606555,0.1428538858890533,0.1407959461212158,0.1455043256282806,1.1759241362763438e-06,21,120224,P0001,R4,T1,T1mimics,1,CGv1,UBC,20243505,P0001,120224,CGv1,01
233,10.0,0.1030987458569663,0.1022887900471687,0.0974863395094871,0.1106041669845581,1.4617612865895812e-05,21,120224,P0001,R4,T1,T1mimics,1,CGv1,UBC,20243505,P0001,120224,CGv1,01
234,11.0,0.0840968266129493,0.0833428353071212,0.0791077390313148,0.0898212492465972,1.3569402851280424e-05,21,120224,P0001,R4,T1,T1mimics,1,CGv1,UBC,20243505,P0001,120224,CGv1,01
235,12.0,0.0719550836831331,0.0690180920064449,0.0631681233644485,0.0891261771321296,5.8602016432986325e-05,20,120224,P0001,R4,T1,T1mimics,1,CGv1,UBC,20243505,P0001,120224,CGv1,01
236,13.0,0.0584686394958269,0.0548616163432598,0.0478876419365406,0.0816883370280265,9.441518492730598e-05,21,120224,P0001,R4,T1,T1mimics,1,CGv1,UBC,20243505,P0001,120224,CGv1,01
237,14.0,0.0473628560589118,0.0452303774654865,0.0356909334659576,0.0720977857708931,8.808872355132282e-05,22,120224,P0001,R4,T1,T1mimics,1,CGv1,UBC,20243505,P0001,120224,CGv1,01
238,1.0,2.3572869632935785,2.3475963683458194,1.7086382124067514,3.2873654770718663,0.1863301801299194,21,120224,P0001,R4,R1,T1mimics,1,CGv1,UBC,20243505,P0001,120224,CGv1,01
239,2.0,2.5591158952998696,2.4060509315304657,1.846112946282183,3.563613462201215,0.2876896614499782,22,120224,P0001,R4,R1,T1mimics,1,CGv1,UBC,20243505,P0001,120224,CGv1,01
240,3.0,2.3105510444217523,2.289028764234264,1.7705295732780009,3.0148785946106123,0.125529393677832,20,120224,P0001,R4,R1,T1mimics,1,CGv1,UBC,20243505,P0001,120224,CGv1,01
241,4.0,2.5938985695326533,2.545107240612169,2.103350969685972,3.639398930971511,0.1557317676122855,20,120224,P0001,R4,R1,T1mimics,1,CGv1,UBC,20243505,P0001,120224,CGv1,01
242,5.0,3.35075444242486,3.1835427173104733,2.7873127648791485,4.960860872885306,0.2917917195395666,21,120224,P0001,R4,R1,T1mimics,1,CGv1,UBC,20243505,P0001,120224,CGv1,01
243,6.0,3.787780597835424,3.684906901690885,3.3454673509063326,4.499252357890174,0.1301900076956962,20,120224,P0001,R4,R1,T1mimics,1,CGv1,UBC,20243505,P0001,120224,CGv1,01
244,7.0,4.50946557569976,4.38107387120351,4.127330326704851,5.242311946353938,0.1116632273054434,20,120224,P0001,R4,R1,T1mimics,1,CGv1,UBC,20243505,P0001,120224,CGv1,01
245,8.0,5.392107813927202,5.332296784882877,5.142080361096466,5.81439808307894,0.0249768133919723,21,120224,P0001,R4,R1,T1mimics,1,CGv1,UBC,20243505,P0001,120224,CGv1,01
246,9.0,7.009515609452856,7.000159595074958,6.872647913950656,7.102477220040607,0.0028167362910846,21,120224,P0001,R4,R1,T1mimics,1,CGv1,UBC,20243505,P0001,120224,CGv1,01
247,10.0,9.712556401586712,9.77624233837224,9.041250680361925,10.257847458747616,0.1252484699468532,21,120224,P0001,R4,R1,T1mimics,1,CGv1,UBC,20243505,P0001,120224,CGv1,01
248,11.0,11.913610587676995,11.998631871773558,11.133223022255876,12.6409882553229,0.2654096769955694,21,120224,P0001,R4,R1,T1mimics,1,CGv1,UBC,20243505,P0001,120224,CGv1,01
249,12.0,14.046295834797974,14.488970612098624,11.22004816292635,15.830769488441172,1.970065419184396,20,120224,P0001,R4,R1,T1mimics,1,CGv1,UBC,20243505,P0001,120224,CGv1,01
250,13.0,17.527530142364476,18.22768023718386,12.241649620764203,20.88221427409545,6.679840475541201,21,120224,P0001,R4,R1,T1mimics,1,CGv1,UBC,20243505,P0001,120224,CGv1,01
251,14.0,21.8638342334263,22.109155431717102,13.870051476722525,28.018320141551065,14.936992363394216,22,120224,P0001,R4,R1,T1mimics,1,CGv1,UBC,20243505,P0001,120224,CGv1,01
252,1.0,0.5417053631760858,0.5496072769165039,0.3159183263778686,0.7175092101097107,0.0130981441632324,22,120224,P0001,R4,T1,T2mimics,1,CGv1,UBC,20243505,P0001,120224,CGv1,01
253,2.0,0.5200240441731044,0.530877947807312,0.346029669046402,0.6733854413032532,0.0093957910817532,21,120224,P0001,R4,T1,T2mimics,1,CGv1,UBC,20243505,P0001,120224,CGv1,01
254,3.0,0.4945961738174612,0.5069175660610199,0.2860826253890991,0.6752472519874573,0.0095737724094647,22,120224,P0001,R4,T1,T2mimics,1,CGv1,UBC,20243505,P0001,120224,CGv1,01
255,4.0,0.4376821134771619,0.44190114736557,0.342262327671051,0.5035557746887207,0.0028273499596761,21,120224,P0001,R4,T1,T2mimics,1,CGv1,UBC,20243505,P0001,120224,CGv1,01
256,5.0,0.3581638552925803,0.3598681837320328,0.2854723334312439,0.4157242476940155,0.0014699192321016,22,120224,P0001,R4,T1,T2mimics,1,CGv1,UBC,20243505,P0001,120224,CGv1,01
257,6.0,0.3142826386860439,0.3222353756427765,0.2562959194183349,0.3518970906734466,0.0007624000614431,21,120224,P0001,R4,T1,T2mimics,1,CGv1,UBC,20243505,P0001,120224,CGv1,01
258,7.0,0.275686719587871,0.2778993546962738,0.2417682111263275,0.2981230914592743,0.0002368901772292,21,120224,P0001,R4,T1,T2mimics,1,CGv1,UBC,20243505,P0001,120224,CGv1,01
259,8.0,0.2019280091575954,0.2040610015392303,0.1817327439785003,0.2139378488063812,5.882617585685413e-05,23,120224,P0001,R4,T1,T2mimics,1,CGv1,UBC,20243505,P0001,120224,CGv1,01
260,9.0,0.1567818217334293,0.1562767922878265,0.1506373584270477,0.1640052050352096,1.1433757620576728e-05,21,120224,P0001,R4,T1,T2mimics,1,CGv1,UBC,20243505,P0001,120224,CGv1,01
261,10.0,0.1134666647939454,0.1123805493116378,0.1080717071890831,0.1209782063961029,1.0262467017119596e-05,21,120224,P0001,R4,T1,T2mimics,1,CGv1,UBC,20243505,P0001,120224,CGv1,01
262,11.0,0.094174675643444,0.0938805192708969,0.0876846760511398,0.1023395955562591,1.6202735450943084e-05,22,120224,P0001,R4,T1,T2mimics,1,CGv1,UBC,20243505,P0001,120224,CGv1,01
263,12.0,0.0775917216458104,0.0769583508372306,0.070151463150978,0.095754824578762,3.656533821823807e-05,22,120224,P0001,R4,T1,T2mimics,1,CGv1,UBC,20243505,P0001,120224,CGv1,01
264,13.0,0.0642950055612759,0.0620355457067489,0.0534840784966945,0.0864152908325195,6.446529865769962e-05,22,120224,P0001,R4,T1,T2mimics,1,CGv1,UBC,20243505,P0001,120224,CGv1,01
265,14.0,0.0579090906041009,0.0550936199724674,0.0417167730629444,0.0748267844319343,8.674222118851574e-05,21,120224,P0001,R4,T1,T2mimics,1,CGv1,UBC,20243505,P0001,120224,CGv1,01
266,1.0,1.9432244888133825,1.8195060398447116,1.393710332787359,3.1653750874962028,0.224149495433465,22,120224,P0001,R4,R1,T2mimics,1,CGv1,UBC,20243505,P0001,120224,CGv1,01
267,2.0,1.9956317460580129,1.8836721399528935,1.4850335909618495,2.8899256030727867,0.1569286899786189,21,120224,P0001,R4,R1,T2mimics,1,CGv1,UBC,20243505,P0001,120224,CGv1,01
268,3.0,2.11438865012054,1.973116153547255,1.4809390146449275,3.495493648521669,0.2342440296913504,22,120224,P0001,R4,R1,T2mimics,1,CGv1,UBC,20243505,P0001,120224,CGv1,01
269,4.0,2.3216214914604967,2.262949544171999,1.9858773352726664,2.9217355202501336,0.0932050186254258,21,120224,P0001,R4,R1,T2mimics,1,CGv1,UBC,20243505,P0001,120224,CGv1,01
270,5.0,2.8268923370904564,2.778803166296879,2.4054406389497576,3.502966427535964,0.1072488397576601,22,120224,P0001,R4,R1,T2mimics,1,CGv1,UBC,20243505,P0001,120224,CGv1,01
271,6.0,3.2084359718182123,3.1033215952943025,2.841739890734077,3.901739841467261,0.0922670588049603,21,120224,P0001,R4,R1,T2mimics,1,CGv1,UBC,20243505,P0001,120224,CGv1,01
272,7.0,3.638950167521658,3.598425052454461,3.354319167646921,4.13619307245271,0.0436555982081058,21,120224,P0001,R4,R1,T2mimics,1,CGv1,UBC,20243505,P0001,120224,CGv1,01
273,8.0,4.959665935680394,4.900495403124599,4.674254722010519,5.5025857096963415,0.0381067011061623,23,120224,P0001,R4,R1,T2mimics,1,CGv1,UBC,20243505,P0001,120224,CGv1,01
274,9.0,6.381235575160996,6.398902776032323,6.097367457242066,6.638459479387981,0.0186594372874271,21,120224,P0001,R4,R1,T2mimics,1,CGv1,UBC,20243505,P0001,120224,CGv1,01
275,10.0,8.820100136449758,8.898336999821394,8.265951610539112,9.253115602683987,0.0604642661162497,21,120224,P0001,R4,R1,T2mimics,1,CGv1,UBC,20243505,P0001,120224,CGv1,01
276,11.0,10.637771375281886,10.652610171445987,9.771389016778652,11.404501277016474,0.2022616221698184,22,120224,P0001,R4,R1,T2mimics,1,CGv1,UBC,20243505,P0001,120224,CGv1,01
277,12.0,12.96065202470005,12.994244479429153,10.443338018727832,14.254870177801235,0.8787529273034579,22,120224,P0001,R4,R1,T2mimics,1,CGv1,UBC,20243505,P0001,120224,CGv1,01
278,13.0,15.778499290939113,16.124912853879408,11.57202608897178,18.697153023993906,3.3155749555005696,22,120224,P0001,R4,R1,T2mimics,1,CGv1,UBC,20243505,P0001,120224,CGv1,01
279,14.0,17.730212418120708,18.150922021456235,13.364198496457412,23.971173381295543,8.449328551732187,21,120224,P0001,R4,R1,T2mimics,1,CGv1,UBC,20243505,P0001,120224,CGv1,01
280,1.0,1.3661621287465096,1.3245468139648438,0.8000866174697876,2.454061985015869,0.2000744323057949,16,120224,P0001,R4,T1,T1mimics,1,LLRv1,UBC,20243505,P0001,120224,LLRv1,01
281,2.0,1.205517554283142,1.136805295944214,0.8595693707466125,1.8093971014022827,0.0610646564971549,15,120224,P0001,R4,T1,T1mimics,1,LLRv1,UBC,20243505,P0001,120224,LLRv1,01
282,3.0,0.8852638602256775,0.8683167099952698,0.7145456075668335,1.1413697004318235,0.0142564656487125,16,120224,P0001,R4,T1,T1mimics,1,LLRv1,UBC,20243505,P0001,120224,LLRv1,01
283,4.0,0.6146311258014879,0.6322329640388489,0.4657618403434753,0.7022006511688232,0.0037152901774593,19,120224,P0001,R4,T1,T1mimics,1,LLRv1,UBC,20243505,P0001,120224,LLRv1,01
284,5.0,0.4406037759035826,0.4441157728433609,0.3589940369129181,0.4832710921764374,0.0009221563597663,16,120224,P0001,R4,T1,T1mimics,1,LLRv1,UBC,20243505,P0001,120224,LLRv1,01
285,6.0,0.3575310643230165,0.3549525737762451,0.344929426908493,0.3835905492305755,0.0001164727151104,14,120224,P0001,R4,T1,T1mimics,1,LLRv1,UBC,20243505,P0001,120224,LLRv1,01
286,7.0,0.2580093806609511,0.2605931013822555,0.2321165204048156,0.2712238132953644,9.393446250485684e-05,16,120224,P0001,R4,T1,T1mimics,1,LLRv1,UBC,20243505,P0001,120224,LLRv1,01
287,8.0,0.1957064718008041,0.196423128247261,0.1884486079216003,0.2038214206695556,1.8226079820687916e-05,16,120224,P0001,R4,T1,T1mimics,1,LLRv1,UBC,20243505,P0001,120224,LLRv1,01
288,9.0,0.1429753025372823,0.1431485265493393,0.1421050876379013,0.1434533149003982,1.671757986818376e-07,15,120224,P0001,R4,T1,T1mimics,1,LLRv1,UBC,20243505,P0001,120224,LLRv1,01
289,10.0,0.0961200203746557,0.0958324335515499,0.0928400158882141,0.1007714718580246,4.925731329544908e-06,16,120224,P0001,R4,T1,T1mimics,1,LLRv1,UBC,20243505,P0001,120224,LLRv1,01
290,11.0,0.0752052063743273,0.075072206556797,0.0731939524412155,0.0798190087080001,2.675243285021642e-06,15,120224,P0001,R4,T1,T1mimics,1,LLRv1,UBC,20243505,P0001,120224,LLRv1,01
291,12.0,0.0571097422610311,0.0564317591488361,0.0512136444449424,0.0633977055549621,1.2678979828552504e-05,17,120224,P0001,R4,T1,T1mimics,1,LLRv1,UBC,20243505,P0001,120224,LLRv1,01
292,13.0,0.0380264084253992,0.0381467174738645,0.0356995090842247,0.0414604134857654,1.9160959557805023e-06,14,120224,P0001,R4,T1,T1mimics,1,LLRv1,UBC,20243505,P0001,120224,LLRv1,01
293,14.0,0.0117859735541666,0.0010000007459893,0.0010000005131587,0.0345969349145889,0.0002254017698531,15,120224,P0001,R4,T1,T1mimics,1,LLRv1,UBC,20243505,P0001,120224,LLRv1,01
294,1.0,0.8021176775417367,0.7552025841416279,0.4074876698738046,1.249864674855359,0.0527799192314622,16,120224,P0001,R4,R1,T1mimics,1,LLRv1,UBC,20243505,P0001,120224,LLRv1,01
295,2.0,0.8624712389986474,0.8796581116992551,0.5526702785281351,1.1633732355207247,0.0271970558146255,15,120224,P0001,R4,R1,T1mimics,1,LLRv1,UBC,20243505,P0001,120224,LLRv1,01
296,3.0,1.1495497267580397,1.152211398657639,0.8761403072305686,1.3994907944437502,0.0222723021799618,16,120224,P0001,R4,R1,T1mimics,1,LLRv1,UBC,20243505,P0001,120224,LLRv1,01
297,4.0,1.644747096499828,1.581695445950447,1.4240943786302185,2.147020029083,0.0325521996074053,19,120224,P0001,R4,R1,T1mimics,1,LLRv1,UBC,20243505,P0001,120224,LLRv1,01
298,5.0,2.2817697040889184,2.2517126665395417,2.069231982191292,2.78556158926554,0.0313402085742002,16,120224,P0001,R4,R1,T1mimics,1,LLRv1,UBC,20243505,P0001,120224,LLRv1,01
299,6.0,2.799433850367971,2.8172802433622524,2.6069463963745934,2.8991437725760982,0.0067244488352116,14,120224,P0001,R4,R1,T1mimics,1,LLRv1,UBC,20243505,P0001,120224,LLRv1,01
300,7.0,3.88156137926065,3.837400382157376,3.686991890018868,4.308181073264327,0.0233500848573329,16,120224,P0001,R4,R1,T1mimics,1,LLRv1,UBC,20243505,P0001,120224,LLRv1,01
301,8.0,5.112141021675507,5.091073135426502,4.9062556659402565,5.306486532476943,0.0126000669931982,16,120224,P0001,R4,R1,T1mimics,1,LLRv1,UBC,20243505,P0001,120224,LLRv1,01
302,9.0,6.994272310851078,6.985751262031523,6.970908972680866,7.037045728778586,0.0004021816517756,15,120224,P0001,R4,R1,T1mimics,1,LLRv1,UBC,20243505,P0001,120224,LLRv1,01
303,10.0,10.409151679941871,10.434970820774629,9.92344342661666,10.771217458687966,0.0566087595011726,16,120224,P0001,R4,R1,T1mimics,1,LLRv1,UBC,20243505,P0001,120224,LLRv1,01
304,11.0,13.303052792557043,13.320508958843972,12.52834401462281,13.662330925538324,0.0787522630866249,15,120224,P0001,R4,R1,T1mimics,1,LLRv1,UBC,20243505,P0001,120224,LLRv1,01
305,12.0,17.578053463497294,17.720517933218183,15.773441503069186,19.52604644403028,1.1899830653909813,17,120224,P0001,R4,R1,T1mimics,1,LLRv1,UBC,20243505,P0001,120224,LLRv1,01
306,13.0,26.331687496244733,26.215702528225936,24.119392835851205,28.011589673144588,0.8837929194503388,14,120224,P0001,R4,R1,T1mimics,1,LLRv1,UBC,20243505,P0001,120224,LLRv1,01
307,14.0,630.8042586494313,999.9992540111742,28.90429462808618,999.9994868415248,206437.65298973277,15,120224,P0001,R4,R1,T1mimics,1,LLRv1,UBC,20243505,P0001,120224,LLRv1,01
308,1.0,1.3359787225723267,1.2694438695907593,0.7696720361709595,2.226928234100342,0.1227476879303856,25,120224,P0001,R4,T1,T2mimics,1,LLRv1,UBC,20243505,P0001,120224,LLRv1,01
309,2.0,1.005718059837818,0.9508081376552582,0.7002453207969666,1.5277669429779053,0.0638661345036234,24,120224,P0001,R4,T1,T2mimics,1,LLRv1,UBC,20243505,P0001,120224,LLRv1,01
310,3.0,0.8780478984117508,0.8420224189758301,0.6031889915466309,1.3358078002929688,0.0249070752644614,24,120224,P0001,R4,T1,T2mimics,1,LLRv1,UBC,20243505,P0001,120224,LLRv1,01
311,4.0,0.6380532538890838,0.6445861458778381,0.459674060344696,0.7958614826202393,0.0073109416541095,25,120224,P0001,R4,T1,T2mimics,1,LLRv1,UBC,20243505,P0001,120224,LLRv1,01
312,5.0,0.4774886255080883,0.4871336370706558,0.3674125969409942,0.5465068221092224,0.0021209151248705,26,120224,P0001,R4,T1,T2mimics,1,LLRv1,UBC,20243505,P0001,120224,LLRv1,01
313,6.0,0.3895449519157409,0.391861081123352,0.333148717880249,0.4384785294532776,0.0006109999976536,25,120224,P0001,R4,T1,T2mimics,1,LLRv1,UBC,20243505,P0001,120224,LLRv1,01
314,7.0,0.3125368965168794,0.3188735693693161,0.2577439844608307,0.3460014760494232,0.0005365476530839,24,120224,P0001,R4,T1,T2mimics,1,LLRv1,UBC,20243505,P0001,120224,LLRv1,01
315,8.0,0.2151072609883088,0.2160562798380851,0.1847965121269226,0.237041488289833,0.0001053857579578,26,120224,P0001,R4,T1,T2mimics,1,LLRv1,UBC,20243505,P0001,120224,LLRv1,01
316,9.0,0.1577803350013235,0.1572730839252472,0.151029035449028,0.1650858521461486,1.0101558274502572e-05,23,120224,P0001,R4,T1,T2mimics,1,LLRv1,UBC,20243505,P0001,120224,LLRv1,01
317,10.0,0.1121740341186523,0.1125894710421562,0.1049669459462165,0.1195307523012161,1.295080780552004e-05,23,120224,P0001,R4,T1,T2mimics,1,LLRv1,UBC,20243505,P0001,120224,LLRv1,01
318,11.0,0.0877479914237152,0.0874607674777507,0.0803698450326919,0.0945363491773605,1.7232898164069117e-05,22,120224,P0001,R4,T1,T2mimics,1,LLRv1,UBC,20243505,P0001,120224,LLRv1,01
319,12.0,0.065267517146739,0.0641603395342826,0.0578329116106033,0.0785097330808639,2.522961318322825e-05,22,120224,P0001,R4,T1,T2mimics,1,LLRv1,UBC,20243505,P0001,120224,LLRv1,01
320,13.0,0.0490135978097501,0.0490405037999153,0.0390651486814022,0.0595027916133403,3.107116429295073e-05,23,120224,P0001,R4,T1,T2mimics,1,LLRv1,UBC,20243505,P0001,120224,LLRv1,01
321,14.0,0.0389090427474695,0.0410796143114566,0.001000000629574,0.0539620220661163,0.0001950660859009,21,120224,P0001,R4,T1,T2mimics,1,LLRv1,UBC,20243505,P0001,120224,LLRv1,01
322,1.0,0.7968829603880541,0.7877465274005206,0.4490490464341302,1.2992546864179957,0.0379708087407503,25,120224,P0001,R4,R1,T2mimics,1,LLRv1,UBC,20243505,P0001,120224,LLRv1,01
323,2.0,1.0543293443797233,1.0518738488851076,0.654550096528998,1.428070949280854,0.0593647395958571,24,120224,P0001,R4,R1,T2mimics,1,LLRv1,UBC,20243505,P0001,120224,LLRv1,01
324,3.0,1.1722243315775214,1.1877948347862777,0.7486106906852023,1.657855189690896,0.0367555566265671,24,120224,P0001,R4,R1,T2mimics,1,LLRv1,UBC,20243505,P0001,120224,LLRv1,01
325,4.0,1.597502754949312,1.5513830174524412,1.2565000591656594,2.1754544932340307,0.0525094718753484,25,120224,P0001,R4,R1,T2mimics,1,LLRv1,UBC,20243505,P0001,120224,LLRv1,01
326,5.0,2.1158355256874573,2.0528251846064167,1.8298033245779768,2.721735749742402,0.0506855314042504,26,120224,P0001,R4,R1,T2mimics,1,LLRv1,UBC,20243505,P0001,120224,LLRv1,01
327,6.0,2.577797481493962,2.5519247717412763,2.280613377459696,3.0016624598250803,0.0286113105612463,25,120224,P0001,R4,R1,T2mimics,1,LLRv1,UBC,20243505,P0001,120224,LLRv1,01
328,7.0,3.218942213509173,3.136572325656088,2.890161080865328,3.8798189687797344,0.0684608059248012,24,120224,P0001,R4,R1,T2mimics,1,LLRv1,UBC,20243505,P0001,120224,LLRv1,01
329,8.0,4.659875524366898,4.628426763932593,4.218670778751143,5.411357543984252,0.0538011291526212,26,120224,P0001,R4,R1,T2mimics,1,LLRv1,UBC,20243505,P0001,120224,LLRv1,01
330,9.0,6.340480499035563,6.3583670838126745,6.05745427000438,6.6212433723547015,0.01610053126988,23,120224,P0001,R4,R1,T2mimics,1,LLRv1,UBC,20243505,P0001,120224,LLRv1,01
331,10.0,8.923853170698145,8.881825189724676,8.366047906065306,9.526808568026588,0.081208956365526,23,120224,P0001,R4,R1,T2mimics,1,LLRv1,UBC,20243505,P0001,120224,LLRv1,01
332,11.0,11.421736350815468,11.434693491179653,10.57794180441526,12.442477643116408,0.2902447670165337,22,120224,P0001,R4,R1,T2mimics,1,LLRv1,UBC,20243505,P0001,120224,LLRv1,01
333,12.0,15.407050665375248,15.586433144517532,12.73727423031758,17.291192370412418,1.245869676201539,22,120224,P0001,R4,R1,T2mimics,1,LLRv1,UBC,20243505,P0001,120224,LLRv1,01
334,13.0,20.670163949757832,20.391307643983197,16.805934190418764,25.59826427784905,5.622826262841281,23,120224,P0001,R4,R1,T2mimics,1,LLRv1,UBC,20243505,P0001,120224,LLRv1,01
335,14.0,116.88634812731064,24.3429744110599,18.531551667481285,999.999370426336,82106.81865106875,21,120224,P0001,R4,R1,T2mimics,1,LLRv1,UBC,20243505,P0001,120224,LLRv1,01
