,Unnamed: 0,SegId,Mean,Min,Max,Variance,Count,Volume,x,y,z,StructName,sub,ses,run,acq,rec,site,date,side,StructNameNoSide
0,24,0,6.71E-05,0,0.523780167,2.58E-05,251195,5413685,0,0,0,Unknown,o5w2Tp,1,1,R4,LLRv1,repeat,20240709,,None
1,21,2,0.283834546,0.224637792,0.443518013,0.000826005,9009,194159.4844,110.8569209,103.8181263,-84.45501362,Left-Cerebral-White-Matter,o5w2Tp,1,1,R4,LLRv1,repeat,20240709,Left,Cerebral-White-Matter
2,27,3,0.333977633,0,0.593286693,0.001138376,9257,199504.2969,115.3078751,104.389381,-90.75481116,Left-Cerebral-Cortex,o5w2Tp,1,1,R4,LLRv1,repeat,20240709,Left,Cerebral-Cortex
3,30,4,0.389071952,0.245696664,1.454651475,0.016173567,571,12306.03418,97.71891419,97.81961471,-89.15393937,Left-Lateral-Ventricle,o5w2Tp,1,1,R4,LLRv1,repeat,20240709,Left,Lateral-Ventricle
4,32,5,0.349679122,0.320247829,0.391589731,0.001389217,3,64.65516663,117.5,86.66666667,-119.5402343,Left-Inf-Lat-Vent,o5w2Tp,1,1,R4,LLRv1,repeat,20240709,Left,Inf-Lat-Vent
5,6,7,0.303790156,0.252819449,0.40976578,0.000542319,814,17543.10352,107.0945946,128.6670762,-134.0633779,Left-Cerebellum-White-Matter,o5w2Tp,1,1,R4,LLRv1,repeat,20240709,Left,Cerebellum-White-Matter
6,39,8,0.325217013,0,0.49604997,0.001278878,2188,47155.17188,109.892596,136.4351005,-137.0043539,Left-Cerebellum-Cortex,o5w2Tp,1,1,R4,LLRv1,repeat,20240709,Left,Cerebellum-Cortex
7,8,10,0.291336187,0.245100439,0.374314487,0.000510262,254,5474.137695,96.41732283,100.0393701,-96.61960841,Left-Thalamus,o5w2Tp,1,1,R4,LLRv1,repeat,20240709,Left,Thalamus
8,7,11,0.306692116,0.250727743,0.391048968,0.00085204,166,3577.586182,100.5572289,74.68373494,-90.09140502,Left-Caudate,o5w2Tp,1,1,R4,LLRv1,repeat,20240709,Left,Caudate
9,19,12,0.296446438,0.245899901,0.361627311,0.000582175,287,6185.344727,110.3222997,81.06271777,-99.38724496,Left-Putamen,o5w2Tp,1,1,R4,LLRv1,repeat,20240709,Left,Putamen
10,17,13,0.267280279,0.243384287,0.298533052,0.000177761,66,1422.413696,105.3787879,86.25,-100.6792106,Left-Pallidum,o5w2Tp,1,1,R4,LLRv1,repeat,20240709,Left,Pallidum
11,11,14,0.408709378,0.301827908,0.647195637,0.005364376,65,1400.862061,88.23076923,92.11538462,-103.9257341,3rd-Ventricle,o5w2Tp,1,1,R4,LLRv1,repeat,20240709,,None
12,1,15,0.434283412,0.287084877,0.849686265,0.009513073,95,2047.413696,89.52631579,119.5263158,-131.1796776,4th-Ventricle,o5w2Tp,1,1,R4,LLRv1,repeat,20240709,,None
13,26,16,0.289130017,0,0.493777126,0.002470281,724,15603.44824,88.95027624,104.9240331,-128.3196842,Brain-Stem,o5w2Tp,1,1,R4,LLRv1,repeat,20240709,,None
14,4,17,0.34201666,0.251530915,0.399938285,0.00072238,194,4181.03418,110.1804124,101.6365979,-112.5666594,Left-Hippocampus,o5w2Tp,1,1,R4,LLRv1,repeat,20240709,Left,Hippocampus
15,34,18,0.368927224,0.295436114,0.42257911,0.000658813,65,1400.862061,108.5384615,83.34615385,-116.339527,Left-Amygdala,o5w2Tp,1,1,R4,LLRv1,repeat,20240709,Left,Amygdala
16,13,24,0.376610225,0,10,0.061781273,16274,350732.75,83.17607841,100.7309205,-88.616923,CSF,o5w2Tp,1,1,R4,LLRv1,repeat,20240709,,None
17,15,26,0.345353166,0.297101706,0.406269789,0.00057326,30,646.5516968,98.08333333,68.41666667,-103.7931082,Left-Accumbens-area,o5w2Tp,1,1,R4,LLRv1,repeat,20240709,Left,Accumbens-area
18,38,28,0.283202964,0.25111565,0.36748454,0.000415552,155,3340.51709,97.37096774,94.98387097,-109.299226,Left-VentralDC,o5w2Tp,1,1,R4,LLRv1,repeat,20240709,Left,VentralDC
19,23,31,0.327538595,0.27125001,0.44037655,0.000921897,34,732.758606,102.7941176,107.7205882,-97.76876748,Left-choroid-plexus,o5w2Tp,1,1,R4,LLRv1,repeat,20240709,Left,choroid-plexus
20,20,41,0.28830933,0.224382997,0.459757209,0.000813687,9152,197241.375,62.84992351,101.5788899,-85.89379871,Right-Cerebral-White-Matter,o5w2Tp,1,1,R4,LLRv1,repeat,20240709,Right,Cerebral-White-Matter
21,16,42,0.335315678,0,1.018339038,0.001243391,8479,182737.0625,59.08951527,99.76707159,-93.38772545,Right-Cerebral-Cortex,o5w2Tp,1,1,R4,LLRv1,repeat,20240709,Right,Cerebral-Cortex
22,10,43,0.389827232,0.271083772,1.272732258,0.013705014,540,11637.93066,75.22685185,95.94907407,-89.29757838,Right-Lateral-Ventricle,o5w2Tp,1,1,R4,LLRv1,repeat,20240709,Right,Lateral-Ventricle
23,0,44,0.339438262,0.279734492,0.373111129,0.000887798,14,301.7241211,61.07142857,87.67857143,-121.1822704,Right-Inf-Lat-Vent,o5w2Tp,1,1,R4,LLRv1,repeat,20240709,Right,Inf-Lat-Vent
24,5,46,0.303663115,0.250438094,0.380263865,0.00047805,884,19051.72266,70.43269231,128.4615385,-134.3852437,Right-Cerebellum-White-Matter,o5w2Tp,1,1,R4,LLRv1,repeat,20240709,Right,Cerebellum-White-Matter
25,36,47,0.329834262,0,0.588838756,0.001154412,2071,44633.62109,67.90439401,135.0350072,-139.1881358,Right-Cerebellum-Cortex,o5w2Tp,1,1,R4,LLRv1,repeat,20240709,Right,Cerebellum-Cortex
26,9,49,0.295973459,0.260599732,0.343426645,0.000273349,247,5323.275879,77.71255061,98.54251012,-97.52897312,Right-Thalamus,o5w2Tp,1,1,R4,LLRv1,repeat,20240709,Right,Thalamus
27,29,50,0.314789236,0.264864296,0.376228064,0.000592431,152,3275.862061,75.78947368,73.05921053,-90.15426991,Right-Caudate,o5w2Tp,1,1,R4,LLRv1,repeat,20240709,Right,Caudate
28,18,51,0.29509656,0.24904719,0.356711239,0.000512132,282,6077.585938,66.27659574,79.57446809,-100.7459084,Right-Putamen,o5w2Tp,1,1,R4,LLRv1,repeat,20240709,Right,Putamen
29,3,52,0.272608795,0.247627899,0.310649455,0.000174793,65,1400.862061,70.96153846,83.30769231,-101.4323655,Right-Pallidum,o5w2Tp,1,1,R4,LLRv1,repeat,20240709,Right,Pallidum
30,12,53,0.335401554,0.275944412,0.392440528,0.000468494,186,4008.620605,65.51075269,99.9327957,-114.2009686,Right-Hippocampus,o5w2Tp,1,1,R4,LLRv1,repeat,20240709,Right,Hippocampus
31,2,54,0.348458357,0.289810807,0.403806984,0.000565831,69,1487.06897,69.81884058,82.93478261,-117.2913588,Right-Amygdala,o5w2Tp,1,1,R4,LLRv1,repeat,20240709,Right,Amygdala
32,25,58,0.358940262,0.296577424,0.445608914,0.000985993,27,581.8965454,82.03703704,68.51851852,-104.2145641,Head-ExtraCerebral,o5w2Tp,1,1,R4,LLRv1,repeat,20240709,,None
33,22,60,0.290840197,0.257756352,0.390802622,0.000382702,133,2866.37915,79.32330827,94.21052632,-110.6818817,Right-VentralDC,o5w2Tp,1,1,R4,LLRv1,repeat,20240709,Right,VentralDC
34,28,62,0.333077103,0.333077103,0.333077103,0,1,21.55172348,65,80,-110.3448322,,o5w2Tp,1,1,R4,LLRv1,repeat,20240709,,None
35,31,63,0.336709682,0.274986893,0.459914476,0.001449017,47,1012.93103,73.19148936,104.9468085,-96.6984641,Right-choroid-plexus,o5w2Tp,1,1,R4,LLRv1,repeat,20240709,Right,choroid-plexus
36,33,77,0.2735494,0.257935703,0.308060259,0.000243873,19,409.4827576,83.15789474,104.4736842,-89.29220095,WM-hypointensities,o5w2Tp,1,1,R4,LLRv1,repeat,20240709,,None
37,35,165,0.065883909,0,10,0.057678402,14297,308125,89.51300972,99.94334476,-95.92656768,,o5w2Tp,1,1,R4,LLRv1,repeat,20240709,,None
38,14,258,0.009598079,0,10,0.028496826,38657,833125,87.55535867,91.77458158,-109.7417385,,o5w2Tp,1,1,R4,LLRv1,repeat,20240709,,None
39,37,259,0,0,0,0,720,15517.24121,93.33333333,22.66666667,-122.8544105,,o5w2Tp,1,1,R4,LLRv1,repeat,20240709,,None
40,26,0,4.53E-05,0,0.496751606,1.70E-05,251468,5419569,0,0,0,Unknown,UhGjSj,1,1,R4,LLRv1,repeat,20240709,,None
41,12,2,0.287205284,0.221017495,0.451639861,0.000907985,9220,198706.8906,111.7847072,101.2524403,-78.53355289,Left-Cerebral-White-Matter,UhGjSj,1,1,R4,LLRv1,repeat,20240709,Left,Cerebral-White-Matter
42,2,3,0.338399518,0,0.573647976,0.001321931,9397,202521.5469,115.7983931,102.2797169,-83.18612828,Left-Cerebral-Cortex,UhGjSj,1,1,R4,LLRv1,repeat,20240709,Left,Cerebral-Cortex
43,37,4,0.385958634,0.244488582,1.342311621,0.015416544,520,11206.89648,98.73557692,96.89423077,-83.94562838,Left-Lateral-Ventricle,UhGjSj,1,1,R4,LLRv1,repeat,20240709,Left,Lateral-Ventricle
44,35,5,0.311747402,0.273479134,0.35001567,0.002928921,2,43.10344696,118.75,90,-113.793108,Left-Inf-Lat-Vent,UhGjSj,1,1,R4,LLRv1,repeat,20240709,Left,Inf-Lat-Vent
45,30,7,0.306846848,0.249585807,0.40204981,0.000491486,752,16206.89648,107.4567819,131.3597074,-124.3809655,Left-Cerebellum-White-Matter,UhGjSj,1,1,R4,LLRv1,repeat,20240709,Left,Cerebellum-White-Matter
46,28,8,0.33172428,0,0.612741172,0.000964473,2224,47931.03125,111.1881745,140.0944245,-126.037278,Left-Cerebellum-Cortex,UhGjSj,1,1,R4,LLRv1,repeat,20240709,Left,Cerebellum-Cortex
47,31,10,0.295586488,0.24936758,0.407192141,0.000515528,233,5021.551758,97.36051502,100.8476395,-91.32751712,Left-Thalamus,UhGjSj,1,1,R4,LLRv1,repeat,20240709,Left,Thalamus
48,38,11,0.304947445,0.240866199,0.380682975,0.000914871,182,3922.413574,101.2362637,74.83516484,-87.68473404,Left-Caudate,UhGjSj,1,1,R4,LLRv1,repeat,20240709,Left,Caudate
49,6,12,0.295591487,0.241327107,0.36992985,0.000663764,223,4806.03418,111.7264574,83.0044843,-95.31467935,Left-Putamen,UhGjSj,1,1,R4,LLRv1,repeat,20240709,Left,Putamen
50,0,13,0.268295762,0.249492928,0.295607746,0.000104564,61,1314.655151,106.5983607,86.8852459,-96.60825808,Left-Pallidum,UhGjSj,1,1,R4,LLRv1,repeat,20240709,Left,Pallidum
51,19,14,0.39543622,0.326335281,0.54017663,0.003024185,51,1099.137939,88.7254902,92.15686275,-98.78296625,3rd-Ventricle,UhGjSj,1,1,R4,LLRv1,repeat,20240709,,None
52,33,15,0.403154571,0.293278009,0.529998302,0.00280568,81,1745.689575,90.18518519,123.117284,-122.4776545,4th-Ventricle,UhGjSj,1,1,R4,LLRv1,repeat,20240709,,None
53,3,16,0.286599314,0,0.426071733,0.002809613,712,15344.82715,89.03089888,108.8623596,-121.9101168,Brain-Stem,UhGjSj,1,1,R4,LLRv1,repeat,20240709,,None
54,17,17,0.345432585,0.278005719,0.410036385,0.000923846,176,3793.103271,111.0511364,102.6846591,-106.7398166,Left-Hippocampus,UhGjSj,1,1,R4,LLRv1,repeat,20240709,Left,Hippocampus
55,23,18,0.361968571,0.290677279,0.445987284,0.00126565,69,1487.06897,109.5289855,85.76086957,-111.3943074,Left-Amygdala,UhGjSj,1,1,R4,LLRv1,repeat,20240709,Left,Amygdala
56,14,24,0.364925726,0,1.557220221,0.017252235,16133,347693.9688,83.04933986,100.2612657,-84.44803081,CSF,UhGjSj,1,1,R4,LLRv1,repeat,20240709,,None
57,8,26,0.334754247,0.296554506,0.38479811,0.000468313,35,754.3103027,99.21428571,71.14285714,-101.5763594,Left-Accumbens-area,UhGjSj,1,1,R4,LLRv1,repeat,20240709,Left,Accumbens-area
58,34,28,0.29229399,0.250978827,0.381526619,0.000523738,158,3405.172363,98.11708861,96.18670886,-103.6228768,Left-VentralDC,UhGjSj,1,1,R4,LLRv1,repeat,20240709,Left,VentralDC
59,11,31,0.31961898,0.275356293,0.46413675,0.001390881,27,581.8965454,105.6481481,112.5,-91.06003046,Left-choroid-plexus,UhGjSj,1,1,R4,LLRv1,repeat,20240709,Left,choroid-plexus
60,5,41,0.288377589,0.218745425,0.419108003,0.000868334,9189,198038.7813,64.45124606,99.75133312,-79.42968302,Right-Cerebral-White-Matter,UhGjSj,1,1,R4,LLRv1,repeat,20240709,Right,Cerebral-White-Matter
61,1,42,0.336027432,0,0.531773746,0.001705292,8671,186875,60.00864952,100.385192,-85.76905682,Right-Cerebral-Cortex,UhGjSj,1,1,R4,LLRv1,repeat,20240709,Right,Cerebral-Cortex
62,18,43,0.394322923,0.264504999,1.206727862,0.013230311,472,10172.41309,76.69491525,97.15042373,-85.0379945,Right-Lateral-Ventricle,UhGjSj,1,1,R4,LLRv1,repeat,20240709,Right,Lateral-Ventricle
63,32,44,0.360831502,0.300956041,0.40615657,0.00107341,11,237.0689545,61.81818182,88.40909091,-117.5548634,Right-Inf-Lat-Vent,UhGjSj,1,1,R4,LLRv1,repeat,20240709,Right,Inf-Lat-Vent
64,16,46,0.30345259,0.251231283,0.400193751,0.00053098,809,17435.34375,71.85105068,132.1137206,-123.9589149,Right-Cerebellum-White-Matter,UhGjSj,1,1,R4,LLRv1,repeat,20240709,Right,Cerebellum-White-Matter
65,21,47,0.326707234,0,0.537932873,0.001535924,1968,42413.79297,68.59375,140.5055894,-127.1534246,Right-Cerebellum-Cortex,UhGjSj,1,1,R4,LLRv1,repeat,20240709,Right,Cerebellum-Cortex
66,13,49,0.295381258,0.263234466,0.357938468,0.000433852,215,4633.620605,79.04651163,100.0348837,-92.23737459,Right-Thalamus,UhGjSj,1,1,R4,LLRv1,repeat,20240709,Right,Thalamus
67,29,50,0.315479508,0.262740433,0.372567922,0.00075537,131,2823.275879,77.23282443,73.6259542,-87.83890995,Right-Caudate,UhGjSj,1,1,R4,LLRv1,repeat,20240709,Right,Caudate
68,7,51,0.2966025,0.255972564,0.346181482,0.000435386,256,5517.241211,68.0859375,79.67773438,-97.1578712,Right-Putamen,UhGjSj,1,1,R4,LLRv1,repeat,20240709,Right,Putamen
69,25,52,0.26813839,0.23316583,0.303075433,0.000294803,57,1228.448242,72.14912281,85.13157895,-96.97520143,Right-Pallidum,UhGjSj,1,1,R4,LLRv1,repeat,20240709,Right,Pallidum
70,15,53,0.338383387,0.285880119,0.407570183,0.000599235,184,3965.51709,66.1548913,101.7663043,-107.9647723,Right-Hippocampus,UhGjSj,1,1,R4,LLRv1,repeat,20240709,Right,Hippocampus
71,4,54,0.34911501,0.277040154,0.424458832,0.000806458,80,1724.137939,70.1875,85.25,-111.7241425,Right-Amygdala,UhGjSj,1,1,R4,LLRv1,repeat,20240709,Right,Amygdala
72,27,58,0.355530402,0.313150436,0.389315367,0.000449155,21,452.5861816,83.33333333,69.88095238,-100.9852264,Head-ExtraCerebral,UhGjSj,1,1,R4,LLRv1,repeat,20240709,,None
73,10,60,0.293466783,0.253795713,0.413282901,0.000611416,155,3340.51709,80.01612903,95.77419355,-104.5828745,Right-VentralDC,UhGjSj,1,1,R4,LLRv1,repeat,20240709,Right,VentralDC
74,36,63,0.333739885,0.269379675,0.520991802,0.002223495,35,754.3103027,74.14285714,107.9285714,-90.34483252,Right-choroid-plexus,UhGjSj,1,1,R4,LLRv1,repeat,20240709,Right,choroid-plexus
75,24,77,0.276393637,0.243124828,0.337109745,0.00062976,19,409.4827576,101.1842105,90,-79.12886174,WM-hypointensities,UhGjSj,1,1,R4,LLRv1,repeat,20240709,,None
76,20,165,0.048108355,0,0.664443433,0.01421056,13840,298275.8438,89.26752168,99.88294798,-89.35494814,,UhGjSj,1,1,R4,LLRv1,repeat,20240709,,None
77,9,258,0.005014069,0,1.33976841,0.001681467,39027,841099.125,88.1744049,92.9373895,-104.8708147,,UhGjSj,1,1,R4,LLRv1,repeat,20240709,,None
78,22,259,0,0,0,0,624,13448.27539,93.01282051,25.23637821,-125.1271043,,UhGjSj,1,1,R4,LLRv1,repeat,20240709,,None
79,22,0,4.83E-05,0,0.917066276,2.01E-05,253244,5457844.5,0,0,0,Unknown,cgQOhz,1,1,R4,LLRv1,repeat,20240709,,None
80,9,2,0.285893558,0.219483837,0.454988509,0.000880941,9132,196810.3438,111.1563732,99.30573806,-81.65904415,Left-Cerebral-White-Matter,cgQOhz,1,1,R4,LLRv1,repeat,20240709,Left,Cerebral-White-Matter
81,18,3,0.336241537,0,0.534793317,0.001109983,9115,196443.9531,115.7868897,98.92347778,-86.84586346,Left-Cerebral-Cortex,cgQOhz,1,1,R4,LLRv1,repeat,20240709,Left,Cerebral-Cortex
82,26,4,0.392991942,0.236610338,1.704129696,0.022549894,532,11465.5166,98.30357143,93.27067669,-87.00415329,Left-Lateral-Ventricle,cgQOhz,1,1,R4,LLRv1,repeat,20240709,Left,Lateral-Ventricle
83,28,5,0.382859752,0.356857061,0.408862442,0.00135228,2,43.10344696,117.5,85,-118.9655217,Left-Inf-Lat-Vent,cgQOhz,1,1,R4,LLRv1,repeat,20240709,Left,Inf-Lat-Vent
84,34,7,0.306702063,0.23838383,0.395153344,0.000693162,733,15797.41309,106.6268759,125.7162347,-129.4020836,Left-Cerebellum-White-Matter,cgQOhz,1,1,R4,LLRv1,repeat,20240709,Left,Cerebellum-White-Matter
85,7,8,0.324738849,0,0.554490328,0.001397958,2211,47650.85938,110.1175938,134.1768431,-131.9390551,Left-Cerebellum-Cortex,cgQOhz,1,1,R4,LLRv1,repeat,20240709,Left,Cerebellum-Cortex
86,35,10,0.294915186,0.250266343,0.366396666,0.000540981,216,4655.172363,97.10648148,96.89814815,-94.20498571,Left-Thalamus,cgQOhz,1,1,R4,LLRv1,repeat,20240709,Left,Thalamus
87,29,11,0.309098823,0.25383532,0.373083055,0.000595061,128,2758.620605,100.8203125,70.078125,-88.98168599,Left-Caudate,cgQOhz,1,1,R4,LLRv1,repeat,20240709,Left,Caudate
88,3,12,0.296837577,0.244686335,0.355169177,0.000653308,294,6336.206543,110.2891156,77.00680272,-97.66596774,Left-Putamen,cgQOhz,1,1,R4,LLRv1,repeat,20240709,Left,Putamen
89,20,13,0.262276552,0.244872883,0.29102239,0.000122376,53,1142.241333,105.1886792,82.87735849,-98.30839777,Left-Pallidum,cgQOhz,1,1,R4,LLRv1,repeat,20240709,Left,Pallidum
90,12,14,0.405528906,0.329773694,0.730756938,0.005033069,54,1163.793091,88.93518519,89.12037037,-101.0855731,3rd-Ventricle,cgQOhz,1,1,R4,LLRv1,repeat,20240709,,None
91,32,15,0.457802484,0.325423479,1.202205896,0.023859204,69,1487.06897,89.7826087,116.5942029,-127.1864111,4th-Ventricle,cgQOhz,1,1,R4,LLRv1,repeat,20240709,,None
92,4,16,0.294998556,0,0.479869068,0.001828672,700,15086.20605,89.02142857,102.3392857,-125.1822704,Brain-Stem,cgQOhz,1,1,R4,LLRv1,repeat,20240709,,None
93,11,17,0.344057011,0.268794358,0.446151584,0.001060271,181,3900.862061,110.1519337,99.48895028,-109.563731,Left-Hippocampus,cgQOhz,1,1,R4,LLRv1,repeat,20240709,Left,Hippocampus
94,15,18,0.362466214,0.273676693,0.434304625,0.001287866,76,1637.93103,109.0460526,81.41447368,-113.5662477,Left-Amygdala,cgQOhz,1,1,R4,LLRv1,repeat,20240709,Left,Amygdala
95,25,24,0.378571809,0,10,0.042870392,15831,341185.3438,83.05350262,96.42647338,-87.32866394,CSF,cgQOhz,1,1,R4,LLRv1,repeat,20240709,,None
96,31,26,0.353148852,0.314197838,0.391072065,0.000481517,23,495.6896362,98.26086957,64.23913043,-102.2488803,Left-Accumbens-area,cgQOhz,1,1,R4,LLRv1,repeat,20240709,Left,Accumbens-area
97,6,28,0.285942258,0.24831067,0.346562326,0.000502553,150,3232.758545,97.61666667,92.2,-106.6436828,Left-VentralDC,cgQOhz,1,1,R4,LLRv1,repeat,20240709,Left,VentralDC
98,8,31,0.33508657,0.280049026,0.423647612,0.001608703,29,625,103.362069,106.3793103,-93.22235922,Left-choroid-plexus,cgQOhz,1,1,R4,LLRv1,repeat,20240709,Left,choroid-plexus
99,2,41,0.287251809,0.213332534,0.442922622,0.000927326,9272,199827.5781,64.15525237,95.95179034,-83.0037092,Right-Cerebral-White-Matter,cgQOhz,1,1,R4,LLRv1,repeat,20240709,Right,Cerebral-White-Matter
100,19,42,0.338279208,0,0.520907164,0.001056746,8577,184849.125,59.74379154,95.14807042,-89.5377824,Right-Cerebral-Cortex,cgQOhz,1,1,R4,LLRv1,repeat,20240709,Right,Cerebral-Cortex
101,13,43,0.410606765,0.251812816,3.669678688,0.042667303,460,9913.792969,76.78804348,90.97282609,-88.17091951,Right-Lateral-Ventricle,cgQOhz,1,1,R4,LLRv1,repeat,20240709,Right,Lateral-Ventricle
102,33,44,0.337914435,0.284209907,0.443520129,0.001635281,14,301.7241211,61.42857143,83.21428571,-119.7044379,Right-Inf-Lat-Vent,cgQOhz,1,1,R4,LLRv1,repeat,20240709,Right,Inf-Lat-Vent
103,10,46,0.301917722,0.232633844,0.428522557,0.000725103,840,18103.44727,71.01488095,124.9196429,-129.2692982,Right-Cerebellum-White-Matter,cgQOhz,1,1,R4,LLRv1,repeat,20240709,Right,Cerebellum-White-Matter
104,16,47,0.327862088,0,0.490472168,0.001095356,2037,43900.85938,67.74177712,132.7896416,-133.4196714,Right-Cerebellum-Cortex,cgQOhz,1,1,R4,LLRv1,repeat,20240709,Right,Cerebellum-Cortex
105,0,49,0.299255041,0.251123965,0.38365078,0.000566299,218,4698.275879,79.25458716,95.02293578,-94.89086218,Right-Thalamus,cgQOhz,1,1,R4,LLRv1,repeat,20240709,Right,Thalamus
106,37,50,0.323281074,0.260704458,0.428907156,0.000925582,137,2952.586182,77.7919708,68.95985401,-90.33476456,Right-Caudate,cgQOhz,1,1,R4,LLRv1,repeat,20240709,Right,Caudate
107,36,51,0.295062573,0.251735896,0.368560165,0.000551913,246,5301.724121,68.44512195,74.9695122,-100.154196,Right-Putamen,cgQOhz,1,1,R4,LLRv1,repeat,20240709,Right,Putamen
108,21,52,0.27654863,0.240214303,0.311178207,0.000241941,68,1465.517212,72.24264706,79.77941176,-100.2028445,Right-Pallidum,cgQOhz,1,1,R4,LLRv1,repeat,20240709,Right,Pallidum
109,24,53,0.338884685,0.276082337,0.441168576,0.000833545,181,3900.862061,66.33977901,95.70441989,-112.0594445,Right-Hippocampus,cgQOhz,1,1,R4,LLRv1,repeat,20240709,Right,Hippocampus
110,5,54,0.346776972,0.27405569,0.416558117,0.000877471,83,1788.793091,70.42168675,79.69879518,-115.6626551,Right-Amygdala,cgQOhz,1,1,R4,LLRv1,repeat,20240709,Right,Amygdala
111,23,58,0.350372576,0.302782744,0.374611676,0.00032775,17,366.379303,83.38235294,64.11764706,-103.4482806,Head-ExtraCerebral,cgQOhz,1,1,R4,LLRv1,repeat,20240709,,None
112,38,60,0.291088285,0.245143116,0.388420999,0.000642649,155,3340.51709,79.80645161,90.69354839,-107.5417177,Right-VentralDC,cgQOhz,1,1,R4,LLRv1,repeat,20240709,Right,VentralDC
113,27,63,0.340451123,0.28303358,0.458494395,0.00178428,41,883.6206665,72.92682927,108.7804878,-93.18755745,Right-choroid-plexus,cgQOhz,1,1,R4,LLRv1,repeat,20240709,Right,choroid-plexus
114,14,77,0.27172523,0.244448647,0.313043773,0.000356271,19,409.4827576,101.0526316,85.13157895,-82.21416115,WM-hypointensities,cgQOhz,1,1,R4,LLRv1,repeat,20240709,,None
115,17,165,0.056262318,0,10,0.030069821,13874,299008.625,89.33076258,94.46626784,-93.42755231,,cgQOhz,1,1,R4,LLRv1,repeat,20240709,,None
116,30,258,0.007707687,0,10,0.0076054,37753,813642.1875,87.43623023,88.91068259,-108.6549916,,cgQOhz,1,1,R4,LLRv1,repeat,20240709,,None
117,1,259,0,0,0,0,723,15581.89648,94.82019364,19.31881051,-124.228554,,cgQOhz,1,1,R4,LLRv1,repeat,20240709,,None
118,24,0,4.33E-05,0,0.73626405,1.66E-05,251027,5410064.5,0,0,0,Unknown,jVF2cD,1,1,R4,LLRv1,repeat,20240709,,None
119,0,2,0.285207622,0.221482202,0.445731521,0.000912948,9504,204827.5781,116.1358375,102.0430871,-86.24354674,Left-Cerebral-White-Matter,jVF2cD,1,1,R4,LLRv1,repeat,20240709,Left,Cerebral-White-Matter
120,20,3,0.336333693,0,0.534257352,0.001175594,9330,201077.5781,120.2510718,101.9391747,-92.08042771,Left-Cerebral-Cortex,jVF2cD,1,1,R4,LLRv1,repeat,20240709,Left,Cerebral-Cortex
121,33,4,0.38700824,0.245990023,1.449466348,0.014849354,514,11077.58594,103.1663424,96.55155642,-90.99691891,Left-Lateral-Ventricle,jVF2cD,1,1,R4,LLRv1,repeat,20240709,Left,Lateral-Ventricle
122,18,5,0.332477206,0.306984991,0.352607995,0.000308946,5,107.7586212,123,87,-122.0689699,Left-Inf-Lat-Vent,jVF2cD,1,1,R4,LLRv1,repeat,20240709,Left,Inf-Lat-Vent
123,38,7,0.302842344,0.222412452,0.389771074,0.000685994,807,17392.24023,110.551425,126.3847584,-135.9868435,Left-Cerebellum-White-Matter,jVF2cD,1,1,R4,LLRv1,repeat,20240709,Left,Cerebellum-White-Matter
124,37,8,0.324350703,0,0.557955444,0.001406622,2311,49806.03125,113.2680658,135.0378624,-139.49179,Left-Cerebellum-Cortex,jVF2cD,1,1,R4,LLRv1,repeat,20240709,Left,Cerebellum-Cortex
125,29,10,0.293948633,0.234788582,0.385769725,0.000700021,233,5021.551758,101.7703863,100.27897,-98.81604741,Left-Thalamus,jVF2cD,1,1,R4,LLRv1,repeat,20240709,Left,Thalamus
126,19,11,0.307007846,0.252000213,0.359467983,0.000585625,141,3038.792969,105.1950355,73.54609929,-92.32086574,Left-Caudate,jVF2cD,1,1,R4,LLRv1,repeat,20240709,Left,Caudate
127,13,12,0.296335416,0.240256265,0.371700257,0.000605146,313,6745.689453,114.9920128,80.49520767,-101.3110106,Left-Putamen,jVF2cD,1,1,R4,LLRv1,repeat,20240709,Left,Putamen
128,22,13,0.265916237,0.237175271,0.296902776,0.000267612,51,1099.137939,109.6568627,85.93137255,-103.3130541,Left-Pallidum,jVF2cD,1,1,R4,LLRv1,repeat,20240709,Left,Pallidum
129,10,14,0.413528851,0.307319283,0.656744301,0.006125652,56,1206.896484,93.4375,89.46428571,-104.4335022,3rd-Ventricle,jVF2cD,1,1,R4,LLRv1,repeat,20240709,,None
130,15,15,0.484870279,0.299527764,1.388597488,0.033125064,78,1681.034424,92.98076923,117.3397436,-132.5375816,4th-Ventricle,jVF2cD,1,1,R4,LLRv1,repeat,20240709,,None
131,7,16,0.295221057,0,0.47007212,0.001212698,753,16228.44824,92.49003984,103.2204515,-129.9674906,Brain-Stem,jVF2cD,1,1,R4,LLRv1,repeat,20240709,,None
132,27,17,0.344001484,0.24139826,0.409022719,0.000845441,182,3922.413574,114.7115385,101.1401099,-114.8351694,Left-Hippocampus,jVF2cD,1,1,R4,LLRv1,repeat,20240709,Left,Hippocampus
133,3,18,0.369675487,0.29022643,0.426740527,0.000688054,69,1487.06897,113.2608696,82.86231884,-118.5907091,Left-Amygdala,jVF2cD,1,1,R4,LLRv1,repeat,20240709,Left,Amygdala
134,35,24,0.367912331,0,10,0.028677772,16169,348469.8125,87.49242377,99.2416043,-90.04246592,CSF,jVF2cD,1,1,R4,LLRv1,repeat,20240709,,None
135,31,26,0.33768174,0.309386671,0.404632032,0.000376256,32,689.6551514,102.8125,67.96875,-105.603453,Left-Accumbens-area,jVF2cD,1,1,R4,LLRv1,repeat,20240709,Left,Accumbens-area
136,9,28,0.282312229,0.234413877,0.345202327,0.000472007,159,3426.724121,102.2169811,94.82704403,-110.8870139,Left-VentralDC,jVF2cD,1,1,R4,LLRv1,repeat,20240709,Left,VentralDC
137,17,31,0.350760641,0.287090093,0.48662734,0.00257714,28,603.4482422,109.1071429,110.3571429,-100.0000048,Left-choroid-plexus,jVF2cD,1,1,R4,LLRv1,repeat,20240709,Left,choroid-plexus
138,14,41,0.286624891,0.214330137,0.445007116,0.000919046,9338,201250,69.13766331,98.92857143,-85.75601862,Right-Cerebral-White-Matter,jVF2cD,1,1,R4,LLRv1,repeat,20240709,Right,Cerebral-White-Matter
139,21,42,0.335621209,0,0.526113749,0.001034947,8562,184525.8594,64.28200187,98.2524527,-92.8960411,Right-Cerebral-Cortex,jVF2cD,1,1,R4,LLRv1,repeat,20240709,Right,Cerebral-Cortex
140,11,43,0.430478456,0.255405754,10,0.245173727,442,9525.861328,81.35180995,95.14140271,-91.73818559,Right-Lateral-Ventricle,jVF2cD,1,1,R4,LLRv1,repeat,20240709,Right,Lateral-Ventricle
141,16,44,0.332769492,0.287037581,0.381354064,0.001100784,10,215.5172424,65.25,83.5,-122.4137975,Right-Inf-Lat-Vent,jVF2cD,1,1,R4,LLRv1,repeat,20240709,Right,Inf-Lat-Vent
142,26,46,0.301409951,0.231979072,0.40617162,0.000762552,871,18771.55078,73.67680827,126.2916188,-134.9776359,Right-Cerebellum-White-Matter,jVF2cD,1,1,R4,LLRv1,repeat,20240709,Right,Cerebellum-White-Matter
143,5,47,0.325607688,0,0.61128974,0.001517652,2099,45237.06641,70.83373035,133.4099571,-139.1730093,Right-Cerebellum-Cortex,jVF2cD,1,1,R4,LLRv1,repeat,20240709,Right,Cerebellum-Cortex
144,28,49,0.303722108,0.254960537,0.404176772,0.00064746,206,4439.655273,83.51941748,97.85194175,-98.22564926,Right-Thalamus,jVF2cD,1,1,R4,LLRv1,repeat,20240709,Right,Thalamus
145,34,50,0.319555581,0.263190985,0.388747185,0.000670569,126,2715.51709,82.8968254,71.11111111,-92.80241321,Right-Caudate,jVF2cD,1,1,R4,LLRv1,repeat,20240709,Right,Caudate
146,12,51,0.297867806,0.245283306,0.351237237,0.000538186,258,5560.344727,72.1996124,77.91666667,-102.6329906,Right-Putamen,jVF2cD,1,1,R4,LLRv1,repeat,20240709,Right,Putamen
147,23,52,0.272902555,0.231436804,0.313407212,0.00029184,63,1357.758545,76.19047619,82.81746032,-102.9009352,Right-Pallidum,jVF2cD,1,1,R4,LLRv1,repeat,20240709,Right,Pallidum
148,36,53,0.334542369,0.246756554,0.40016678,0.000810501,184,3965.51709,70.0951087,97.01086957,-115.5547271,Right-Hippocampus,jVF2cD,1,1,R4,LLRv1,repeat,20240709,Right,Hippocampus
149,8,54,0.342680156,0.27589941,0.40948844,0.000886082,86,1853.448242,73.69186047,81.19186047,-118.0032122,Right-Amygdala,jVF2cD,1,1,R4,LLRv1,repeat,20240709,Right,Amygdala
150,25,58,0.352808218,0.293495625,0.470060259,0.00189493,24,517.241333,87.08333333,66.14583333,-105.1724185,Head-ExtraCerebral,jVF2cD,1,1,R4,LLRv1,repeat,20240709,,None
151,1,60,0.284202079,0.244200006,0.47512874,0.000631523,153,3297.413574,83.46405229,92.87581699,-110.6152852,Right-VentralDC,jVF2cD,1,1,R4,LLRv1,repeat,20240709,Right,VentralDC
152,32,63,0.336089942,0.284742802,0.484245837,0.001278052,41,883.6206665,82.25609756,99.08536585,-94.61733034,Right-choroid-plexus,jVF2cD,1,1,R4,LLRv1,repeat,20240709,Right,choroid-plexus
153,2,77,0.280671985,0.244604155,0.333028555,0.000527405,18,387.9310303,88.75,84.44444444,-90.42146087,WM-hypointensities,jVF2cD,1,1,R4,LLRv1,repeat,20240709,,None
154,6,165,0.045047524,0,0.697301328,0.01260103,14139,304719.8125,94.00099017,97.95883726,-97.82187681,,jVF2cD,1,1,R4,LLRv1,repeat,20240709,,None
155,30,258,0.00660107,0,10,0.004914991,38378,827112.0625,92.35988066,90.28323519,-111.7065139,,jVF2cD,1,1,R4,LLRv1,repeat,20240709,,None
156,4,259,0,0,0,0,728,15689.6543,100.0377747,20.30906593,-124.0100461,,jVF2cD,1,1,R4,LLRv1,repeat,20240709,,None
157,25,0,2.63E-05,0,0.362446845,8.31E-06,251614,5422715.5,0,0,0,Unknown,yu8Thd,1,1,R4,LLRv1,repeat,20240709,,None
158,32,2,0.286437323,0.218296826,0.405037552,0.000832636,9276,199913.7813,108.909282,124.5469491,-81.40028165,Left-Cerebral-White-Matter,yu8Thd,1,1,R4,LLRv1,repeat,20240709,Left,Cerebral-White-Matter
159,12,3,0.337834046,0,0.559583843,0.001373079,9581,206487.0625,113.3759524,125.335299,-87.15993718,Left-Cerebral-Cortex,yu8Thd,1,1,R4,LLRv1,repeat,20240709,Left,Cerebral-Cortex
160,3,4,0.373564258,0.242892638,0.876853824,0.008464502,522,11250,95.54597701,120.3208812,-87.94425124,Left-Lateral-Ventricle,yu8Thd,1,1,R4,LLRv1,repeat,20240709,Left,Lateral-Ventricle
161,39,5,0.34360525,0.328516096,0.358894855,0.000230747,3,64.65516663,116.6666667,105.8333333,-113.793108,Left-Inf-Lat-Vent,yu8Thd,1,1,R4,LLRv1,repeat,20240709,Left,Inf-Lat-Vent
162,5,7,0.30080027,0.251607478,0.389335752,0.000380612,788,16982.75781,113.4993655,145.0634518,-134.7628258,Left-Cerebellum-White-Matter,yu8Thd,1,1,R4,LLRv1,repeat,20240709,Left,Cerebellum-White-Matter
163,29,8,0.326655507,0,0.486222714,0.000752194,2228,48017.23828,115.8303411,151.0828097,-137.9759219,Left-Cerebellum-Cortex,yu8Thd,1,1,R4,LLRv1,repeat,20240709,Left,Cerebellum-Cortex
164,6,10,0.288100296,0.25514847,0.363797337,0.000363542,245,5280.172363,95.42857143,121.9795918,-95.20056783,Left-Thalamus,yu8Thd,1,1,R4,LLRv1,repeat,20240709,Left,Thalamus
165,9,11,0.301033136,0.2564376,0.365082145,0.000612823,189,4073.275635,95.48941799,96.91798942,-87.61175466,Left-Caudate,yu8Thd,1,1,R4,LLRv1,repeat,20240709,Left,Caudate
166,30,12,0.29226269,0.242791012,0.369629264,0.000521464,254,5474.137695,107.5492126,103.9173228,-95.49280962,Left-Putamen,yu8Thd,1,1,R4,LLRv1,repeat,20240709,Left,Putamen
167,38,13,0.265579342,0.248870015,0.290187955,8.06E-05,45,969.8275757,101.8333333,107.8888889,-97.39464083,Left-Pallidum,yu8Thd,1,1,R4,LLRv1,repeat,20240709,Left,Pallidum
168,13,14,0.379108238,0.305203587,0.551895678,0.003915599,53,1142.241333,86.32075472,111.8867925,-102.0819826,3rd-Ventricle,yu8Thd,1,1,R4,LLRv1,repeat,20240709,,None
169,22,15,0.413596478,0.297775507,0.692124367,0.007417235,89,1918.103394,93.3988764,137.2191011,-131.6544018,4th-Ventricle,yu8Thd,1,1,R4,LLRv1,repeat,20240709,,None
170,36,16,0.293405778,0,0.421220303,0.001191149,718,15474.1377,90.60933148,123.7778552,-128.2393665,Brain-Stem,yu8Thd,1,1,R4,LLRv1,repeat,20240709,,None
171,15,17,0.33852037,0.263405412,0.402891457,0.000702016,186,4008.620605,110.2016129,120.8198925,-110.0482063,Left-Hippocampus,yu8Thd,1,1,R4,LLRv1,repeat,20240709,Left,Hippocampus
172,18,18,0.360885308,0.293540984,0.427553862,0.000795782,61,1314.655151,107.1311475,103.1967213,-111.5319435,Left-Amygdala,yu8Thd,1,1,R4,LLRv1,repeat,20240709,Left,Amygdala
173,8,24,0.361712694,0,1.620522499,0.014674227,16455,354633.625,79.12002431,123.1672744,-88.03026513,CSF,yu8Thd,1,1,R4,LLRv1,repeat,20240709,,None
174,28,26,0.327626675,0.290419161,0.384221554,0.00050808,39,840.5172119,95.19230769,92.30769231,-100.5305087,Left-Accumbens-area,yu8Thd,1,1,R4,LLRv1,repeat,20240709,Left,Accumbens-area
175,23,28,0.287857406,0.255296379,0.337390065,0.000284514,126,2715.51709,95.43650794,116.8849206,-107.0333927,Left-VentralDC,yu8Thd,1,1,R4,LLRv1,repeat,20240709,Left,VentralDC
176,2,30,0.337070554,0.337070554,0.337070554,0,1,21.55172348,110,102.5,-103.4482806,Left-vessel,yu8Thd,1,1,R4,LLRv1,repeat,20240709,Left,vessel
177,34,31,0.333749305,0.274260074,0.45612222,0.001818641,28,603.4482422,104.9107143,131.25,-97.66010333,Left-choroid-plexus,yu8Thd,1,1,R4,LLRv1,repeat,20240709,Left,choroid-plexus
178,31,41,0.288420307,0.213772431,0.426207989,0.000827919,9120,196551.7188,62.06962719,126.3802083,-86.55059483,Right-Cerebral-White-Matter,yu8Thd,1,1,R4,LLRv1,repeat,20240709,Right,Cerebral-White-Matter
179,37,42,0.336759702,0,0.554003298,0.001153029,8788,189396.5469,58.08261265,126.8769914,-94.38066501,Right-Cerebral-Cortex,yu8Thd,1,1,R4,LLRv1,repeat,20240709,Right,Cerebral-Cortex
180,14,43,0.394815936,0.257252753,1.246689558,0.012891915,434,9353.448242,73.87672811,120.6739631,-90.67218036,Right-Lateral-Ventricle,yu8Thd,1,1,R4,LLRv1,repeat,20240709,Right,Lateral-Ventricle
181,21,44,0.370971575,0.324159712,0.442616224,0.000736144,17,366.379303,60.88235294,109.2647059,-120.6896596,Right-Inf-Lat-Vent,yu8Thd,1,1,R4,LLRv1,repeat,20240709,Right,Inf-Lat-Vent
182,16,46,0.300749934,0.245018795,0.366636574,0.000399811,825,17780.17188,74.51212121,148.6575758,-138.4284263,Right-Cerebellum-White-Matter,yu8Thd,1,1,R4,LLRv1,repeat,20240709,Right,Cerebellum-White-Matter
183,20,47,0.327509972,0.246324018,0.486055315,0.000701327,2098,45215.51563,74.19923737,154.8081506,-142.8043169,Right-Cerebellum-Cortex,yu8Thd,1,1,R4,LLRv1,repeat,20240709,Right,Cerebellum-Cortex
184,11,49,0.300249912,0.264458925,0.353421748,0.000338587,230,4956.896484,77.54347826,123.2282609,-97.46627168,Right-Thalamus,yu8Thd,1,1,R4,LLRv1,repeat,20240709,Right,Thalamus
185,10,50,0.314481386,0.26777038,0.37415722,0.000390663,121,2607.758545,71.85950413,97.95454545,-89.54118477,Right-Caudate,yu8Thd,1,1,R4,LLRv1,repeat,20240709,Right,Caudate
186,1,51,0.307440459,0.263283819,0.373395443,0.000455694,256,5517.241211,63.68164063,104.3945313,-99.73060822,Right-Putamen,yu8Thd,1,1,R4,LLRv1,repeat,20240709,Right,Putamen
187,24,52,0.279590428,0.256839752,0.313126117,0.000132009,50,1077.586182,68.35,110.1,-100.0000048,Right-Pallidum,yu8Thd,1,1,R4,LLRv1,repeat,20240709,Right,Pallidum
188,7,53,0.331828464,0.264446437,0.391088337,0.00052492,178,3836.206787,65.92696629,123.2724719,-115.4785012,Right-Hippocampus,yu8Thd,1,1,R4,LLRv1,repeat,20240709,Right,Hippocampus
189,35,54,0.357184198,0.297837496,0.405421942,0.00058525,67,1443.965454,67.68656716,106.8656716,-114.7709772,Right-Amygdala,yu8Thd,1,1,R4,LLRv1,repeat,20240709,Right,Amygdala
190,26,58,0.346346501,0.292053699,0.412762165,0.000758434,24,517.241333,76.97916667,92.91666667,-101.0057519,Head-ExtraCerebral,yu8Thd,1,1,R4,LLRv1,repeat,20240709,,None
191,33,60,0.287063065,0.25904882,0.339845926,0.000319026,140,3017.241211,77.53571429,118.125,-109.0147829,Right-VentralDC,yu8Thd,1,1,R4,LLRv1,repeat,20240709,Right,VentralDC
192,4,63,0.343913894,0.294588625,0.529800236,0.002388273,38,818.9655151,72.96052632,129.6052632,-98.54809917,Right-choroid-plexus,yu8Thd,1,1,R4,LLRv1,repeat,20240709,Right,choroid-plexus
193,17,77,0.290923702,0.263943672,0.360065877,0.000619736,16,344.8275757,81.40625,106.5625,-85.77586707,WM-hypointensities,yu8Thd,1,1,R4,LLRv1,repeat,20240709,,None
194,19,165,0.043217601,0,0.541879714,0.012625759,13413,289073.2813,87.19320808,118.8932379,-94.85497057,,yu8Thd,1,1,R4,LLRv1,repeat,20240709,,None
195,27,258,0.005868941,0,0.600611448,0.00185345,38530,830387.875,85.03672463,111.9889696,-107.6649679,,yu8Thd,1,1,R4,LLRv1,repeat,20240709,,None
196,0,259,0,0,0,0,642,13836.20605,82.60124611,44.80919003,-113.610489,,yu8Thd,1,1,R4,LLRv1,repeat,20240709,,None
197,24,0,4.33E-05,0,0.400745064,1.45E-05,253206,5457025.5,0,0,0,Unknown,yvldCD,1,1,R4,LLRv1,repeat,20240709,,None
198,30,2,0.28562711,0.218709946,0.411903948,0.00084034,9135,196875,112.3579639,123.8409962,-73.74554623,Left-Cerebral-White-Matter,yvldCD,1,1,R4,LLRv1,repeat,20240709,Left,Cerebral-White-Matter
199,35,3,0.337862019,0,0.486107469,0.001182833,9385,202262.9219,116.6710176,125.8223229,-80.50006939,Left-Cerebral-Cortex,yvldCD,1,1,R4,LLRv1,repeat,20240709,Left,Cerebral-Cortex
200,23,4,0.37859146,0.246732503,1.811093807,0.012989651,525,11314.65527,99.53333333,119.052381,-80.49918408,Left-Lateral-Ventricle,yvldCD,1,1,R4,LLRv1,repeat,20240709,Left,Lateral-Ventricle
201,21,5,0.33072377,0.306638926,0.352179676,0.000513042,4,86.20689392,120,105.625,-106.8965564,Left-Inf-Lat-Vent,yvldCD,1,1,R4,LLRv1,repeat,20240709,Left,Inf-Lat-Vent
202,26,7,0.302370368,0.254577756,0.374049067,0.000325753,752,16206.89648,111.2865691,145.7147606,-126.7470696,Left-Cerebellum-White-Matter,yvldCD,1,1,R4,LLRv1,repeat,20240709,Left,Cerebellum-White-Matter
203,38,8,0.327113342,0,0.416651934,0.000656602,2104,45344.82813,113.9389259,151.7229087,-130.0937502,Left-Cerebellum-Cortex,yvldCD,1,1,R4,LLRv1,repeat,20240709,Left,Cerebellum-Cortex
204,13,10,0.291153065,0.257921934,0.35138604,0.000376148,248,5344.827637,98.26612903,121.421371,-87.05506616,Left-Thalamus,yvldCD,1,1,R4,LLRv1,repeat,20240709,Left,Thalamus
205,36,11,0.293962478,0.251355976,0.360812038,0.000584563,193,4159.482422,101.7357513,96.7357513,-79.20314966,Left-Caudate,yvldCD,1,1,R4,LLRv1,repeat,20240709,Left,Caudate
206,27,12,0.291603981,0.251535535,0.346217334,0.000482709,264,5689.654785,111.9791667,104.2992424,-87.9702244,Left-Putamen,yvldCD,1,1,R4,LLRv1,repeat,20240709,Left,Putamen
207,17,13,0.264577332,0.25047493,0.280923575,5.97E-05,44,948.2758179,105.7954545,108.4090909,-89.89028707,Left-Pallidum,yvldCD,1,1,R4,LLRv1,repeat,20240709,Left,Pallidum
208,7,14,0.379582308,0.305048168,0.553890646,0.004809324,60,1293.103394,89.45833333,112.375,-93.33333821,3rd-Ventricle,yvldCD,1,1,R4,LLRv1,repeat,20240709,,None
209,12,15,0.402511364,0.30674842,0.557769954,0.003969195,90,1939.655151,93.08333333,136.0277778,-123.2567094,4th-Ventricle,yvldCD,1,1,R4,LLRv1,repeat,20240709,,None
210,33,16,0.294989988,0,0.449304909,0.001145023,715,15409.48242,91.53146853,121.9615385,-119.397159,Brain-Stem,yvldCD,1,1,R4,LLRv1,repeat,20240709,,None
211,9,17,0.336392507,0.276171386,0.417895228,0.000682343,190,4094.827393,112.7894737,120.8684211,-102.7949231,Left-Hippocampus,yvldCD,1,1,R4,LLRv1,repeat,20240709,Left,Hippocampus
212,39,18,0.347109323,0.289749384,0.393280268,0.0005932,74,1594.827515,110.6081081,103.1418919,-103.5880755,Left-Amygdala,yvldCD,1,1,R4,LLRv1,repeat,20240709,Left,Amygdala
213,3,24,0.374676831,0,1.169917703,0.01424285,15897,342607.75,83.58809838,121.076461,-78.88650073,CSF,yvldCD,1,1,R4,LLRv1,repeat,20240709,,None
214,20,26,0.33010555,0.282429695,0.367277414,0.000429541,41,883.6206665,100.9146341,91.64634146,-92.01009742,Left-Accumbens-area,yvldCD,1,1,R4,LLRv1,repeat,20240709,Left,Accumbens-area
215,18,28,0.283774633,0.257458419,0.335464865,0.000190429,144,3103.448242,98.73263889,115.9548611,-99.2097749,Left-VentralDC,yvldCD,1,1,R4,LLRv1,repeat,20240709,Left,VentralDC
216,0,30,0.32232523,0.32232523,0.32232523,0,1,21.55172348,115,102.5,-96.55172896,Left-vessel,yvldCD,1,1,R4,LLRv1,repeat,20240709,Left,vessel
217,31,31,0.328938521,0.284433812,0.413700551,0.001301772,27,581.8965454,107.5,135.9259259,-89.39974952,Left-choroid-plexus,yvldCD,1,1,R4,LLRv1,repeat,20240709,Left,choroid-plexus
218,28,41,0.288019428,0.220883995,0.404588103,0.000828297,9262,199612.0625,65.28692507,123.1146081,-76.4707905,Right-Cerebral-White-Matter,yvldCD,1,1,R4,LLRv1,repeat,20240709,Right,Cerebral-White-Matter
219,16,42,0.337491288,0,0.483412236,0.000870734,8485,182866.375,61.37271656,122.9879199,-83.33652182,Right-Cerebral-Cortex,yvldCD,1,1,R4,LLRv1,repeat,20240709,Right,Cerebral-Cortex
220,8,43,0.394868004,0.274518609,1.42212522,0.015491781,446,9612.068359,77.7690583,117.7186099,-81.02675628,Right-Lateral-Ventricle,yvldCD,1,1,R4,LLRv1,repeat,20240709,Right,Lateral-Ventricle
221,11,44,0.361554106,0.301993102,0.408926606,0.001405887,12,258.6206665,63.125,107.0833333,-110.3448322,Right-Inf-Lat-Vent,yvldCD,1,1,R4,LLRv1,repeat,20240709,Right,Inf-Lat-Vent
222,10,46,0.304270795,0.256394774,0.391143113,0.000462253,832,17931.0332,74.81670673,145.609976,-127.2836582,Right-Cerebellum-White-Matter,yvldCD,1,1,R4,LLRv1,repeat,20240709,Right,Cerebellum-White-Matter
223,5,47,0.328349521,0,0.452121139,0.000667511,1981,42693.96484,72.03685008,152.4823322,-131.6872399,Right-Cerebellum-Cortex,yvldCD,1,1,R4,LLRv1,repeat,20240709,Right,Cerebellum-Cortex
224,6,49,0.294770127,0.258722365,0.350604504,0.000421474,232,5000,80.24784483,120.3448276,-87.88644968,Right-Thalamus,yvldCD,1,1,R4,LLRv1,repeat,20240709,Right,Thalamus
225,37,50,0.307297131,0.262341619,0.356634349,0.000435282,145,3125,77.24137931,95.5862069,-80.09512995,Right-Caudate,yvldCD,1,1,R4,LLRv1,repeat,20240709,Right,Caudate
226,15,51,0.30146048,0.251378715,0.358183146,0.000566568,239,5150.861816,68.26359833,100.125523,-90.07358739,Right-Putamen,yvldCD,1,1,R4,LLRv1,repeat,20240709,Right,Putamen
227,1,52,0.267214673,0.242545858,0.298139066,0.000171262,53,1142.241333,72.35849057,107.1226415,-90.37085724,Right-Pallidum,yvldCD,1,1,R4,LLRv1,repeat,20240709,Right,Pallidum
228,2,53,0.339258645,0.279922903,0.418054223,0.000602297,179,3857.758545,68.05865922,118.896648,-105.8177662,Right-Hippocampus,yvldCD,1,1,R4,LLRv1,repeat,20240709,Right,Hippocampus
229,29,54,0.362119751,0.280839384,0.423032641,0.00075747,75,1616.379272,70.8,103.0333333,-105.8850621,Right-Amygdala,yvldCD,1,1,R4,LLRv1,repeat,20240709,Right,Amygdala
230,25,58,0.337295859,0.304592341,0.368316501,0.0002802,25,538.7930908,81.5,88.9,-91.86207387,Head-ExtraCerebral,yvldCD,1,1,R4,LLRv1,repeat,20240709,,None
231,32,60,0.283477016,0.253026783,0.333220273,0.000318023,133,2866.37915,80.54511278,115.8270677,-100.2592736,Right-VentralDC,yvldCD,1,1,R4,LLRv1,repeat,20240709,Right,VentralDC
232,34,62,0.340095013,0.340095013,0.340095013,0,1,21.55172348,65,102.5,-100.0000048,,yvldCD,1,1,R4,LLRv1,repeat,20240709,,None
233,22,63,0.336121779,0.28752467,0.485715359,0.001330506,49,1056.034424,76.42857143,128.0102041,-86.76988536,Right-choroid-plexus,yvldCD,1,1,R4,LLRv1,repeat,20240709,Right,choroid-plexus
234,40,77,0.278912998,0.257570684,0.332208782,0.000302987,22,474.1379089,96.81818182,98.40909091,-78.99687032,WM-hypointensities,yvldCD,1,1,R4,LLRv1,repeat,20240709,,None
235,4,165,0.061889818,0,0.715839565,0.017472202,13256,285689.6563,89.9967939,118.4412719,-86.09218447,,yvldCD,1,1,R4,LLRv1,repeat,20240709,,None
236,19,258,0.006384149,0,0.525662243,0.00200907,38346,826422.375,88.92661555,110.6265321,-97.30970937,,yvldCD,1,1,R4,LLRv1,repeat,20240709,,None
237,14,259,0,0,0,0,616,13275.86133,91.38798701,43.31980519,-105.1108421,,yvldCD,1,1,R4,LLRv1,repeat,20240709,,None
